,Product,Price,Condition,Set,Stock
0,Time Spiral,$160.00,"NM-Mint, Japanese",Urza's Saga,1
1,Time Spiral,$144.00,"Light Play, Japanese",Urza's Saga,3
2,Overwhelming Forces,$135.00,"Light Play, Japanese",Portal 3 Kingdoms,2
3,Chrome Mox,$80.00,"NM-Mint, Japanese",Eternal Masters,1
4,"Eladamri, Lord of Leaves",$72.40,"NM-Mint, Japanese",Tempest,5
5,Greater Auramancy,$56.00,"Moderate Play, Japanese",Shadowmoor,1
6,"Boseiju, Who Endures - Foil - Borderless",$127.40,"NM-Mint, Japanese",Kamigawa: Neon Dynasty,1
7,Memory Jar,$49.99,"NM-Mint, Japanese",Urza's Legacy,1
8,Memory Jar,$44.99,"Light Play, Japanese",Urza's Legacy,3
9,Memory Jar,$39.99,"Moderate Play, Japanese",Urza's Legacy,2
10,Cover of Darkness,$45.00,"NM-Mint, Japanese",Onslaught,1
11,"Rofellos, Llanowar Emissary",$45.00,"NM-Mint, Japanese",Urza's Destiny,4
12,"Rofellos, Llanowar Emissary",$40.50,"Light Play, Japanese",Urza's Destiny,1
13,Glacial Fortress - Foil Foreign,$44.10,"NM-Mint, Japanese",Magic 2010,1
14,Breeding Pool - Foil,$42.50,"NM-Mint, Japanese",Gatecrash,1
15,Finale of Devastation,$40.00,"NM-Mint, Japanese",War of the Spark,2
16,Inkmoth Nexus,$33.00,"NM-Mint, Japanese",Mirrodin Besieged,1
17,Spell Queller - Foil Foreign,$30.24,"NM-Mint, Japanese",Eldritch moon,1
18,Sliver Legion,$30.00,"NM-Mint, Japanese",Future Sight,1
19,"Gisela, the Broken Blade // Brisela, Voice of Nightmares",$30.00,"NM-Mint, Japanese",Eldritch moon,1
20,"Ink-Eyes, Servant of Oni",$30.00,"NM-Mint, Japanese",Planechase 2012,2
21,Crucible of Worlds,$28.00,"NM-Mint, Japanese",Core Set 2019,1
22,Izzet Staticaster - Foil Foreign,$25.20,"NM-Mint, Japanese",Return to Ravnica,2
23,Krosan Grip - Foil Foreign,$27.50,"NM-Mint, Japanese",Time Spiral,1
24,Krosan Grip - Foil Foreign,$22.50,"Light Play, Japanese",Time Spiral,2
25,Krosan Grip - Foil Foreign,$20.00,"Moderate Play, Japanese",Time Spiral,1
26,"Minamo, School at Water's Edge",$25.00,"NM-Mint, Japanese",Champions of Kamigawa,1
27,Steelshaper's Gift,$22.50,"Light Play, Japanese",Fifth Dawn,1
28,Serra Ascendant,$25.00,"NM-Mint, Japanese",Magic 2011,2
29,"Aurelia, the Warleader",$25.00,"NM-Mint, Japanese",Gatecrash,1
30,Lord of the Void,$23.00,"NM-Mint, Japanese",Gatecrash,1
31,"Higure, the Still Wind",$23.00,"NM-Mint, Japanese",Planechase 2012,1
32,Go-Shintai of Life's Origin - Foil,$21.20,"NM-Mint, Japanese",Commander: Kamigawa: Neon Dynasty,1
33,Thragtusk - Foil Foreign,$20.16,"NM-Mint, Japanese",Magic 2013,2
34,Test of Endurance,$20.00,"NM-Mint, Japanese",Judgment,1
35,Bloodchief Ascension,$20.00,"NM-Mint, Japanese",Zendikar,1
36,"Elesh Norn, Grand Cenobite",$18.00,"Light Play, Japanese",New Phyrexia,1
37,"Mikaeus, the Unhallowed",$16.00,"Moderate Play, Japanese",Dark Ascension,1
38,Exquisite Blood,$20.00,"NM-Mint, Japanese",Avacyn Restored,1
39,"Brimaz, King of Oreskos",$20.00,"NM-Mint, Japanese",Born of the Gods,3
40,"Liliana, Dreadhorde General",$20.00,"NM-Mint, Japanese",War of the Spark,6
41,Mutagenic Growth - Foil Foreign,$19.00,"NM-Mint, Japanese",New Phyrexia,4
42,Empress Galina,$16.20,"Light Play, Japanese",Invasion,1
43,Lighthouse Chronologist,$18.00,"NM-Mint, Japanese",Rise of the Eldrazi,2
44,Khalni Hydra,$18.00,"NM-Mint, Japanese",Rise of the Eldrazi,1
45,"Venser, the Sojourner",$16.20,"Light Play, Japanese",Scars of Mirrodin,1
46,Swan Song,$18.00,"NM-Mint, Japanese",Theros,2
47,Void Winnower,$18.00,"NM-Mint, Japanese",Battle for Zendikar,1
48,Swan Song,$18.00,"NM-Mint, Japanese",Commander 2016,1
49,Liliana Vess - Foil,$17.00,"NM-Mint, Japanese",Magic 2010,2
50,Gurmag Angler - Foil Foreign,$19.55,"NM-Mint, Japanese",Fate Reforged,2
51,Hive Mind - Foil Foreign,$16.19,"NM-Mint, Japanese",Magic 2010,2
52,Primordial Hydra,$16.00,"NM-Mint, Japanese",Magic 2013,2
53,Relentless Dead,$16.00,"NM-Mint, Japanese",Shadows Over Innistrad,2
54,Firestorm,$15.30,"NM-Mint, Japanese",Weatherlight,1
55,Firestorm,$13.77,"Light Play, Japanese",Weatherlight,2
56,Angel of Jubilation,$14.00,"NM-Mint, Japanese",Avacyn Restored,1
57,Life from the Loam,$12.60,"Light Play, Japanese",Duel Decks: Izzet vs Golgari,1
58,Darkblast - Foil,$13.60,"NM-Mint, Japanese",Ravnica,1
59,Darkblast - Foil,$12.24,"Light Play, Japanese",Ravnica,1
60,Emerald Medallion,$11.70,"Light Play, Japanese",Tempest,1
61,Olivia Voldaren,$11.70,"Light Play, Japanese",Innistrad,1
62,Crypt Ghast,$13.00,"NM-Mint, Japanese",Gatecrash,1
63,Rise of the Dark Realms,$13.00,"NM-Mint, Japanese",Magic 2014,2
64,Kalonian Hydra,$13.00,"NM-Mint, Japanese",Commander 2016,1
65,Kalonian Hydra,$11.70,"Light Play, Japanese",Commander 2016,1
66,Basilisk Collar - Foil,$11.43,"Light Play, Japanese",Worldwake,1
67,Nature's Claim - Foil,$12.70,"NM-Mint, Japanese",Worldwake,2
68,Blighted Agent - Foil,$12.70,"NM-Mint, Japanese",New Phyrexia,3
69,Primal Command - Foil - Japanese Alternate Art,$12.70,"NM-Mint, Japanese",Strixhaven: Mystical Archives,1
70,Temporal Extortion,$12.00,"NM-Mint, Japanese",Planar Chaos,1
71,Shield of Kaldra,$12.00,"NM-Mint, Japanese",Darksteel,1
72,Wheel and Deal,$12.00,"NM-Mint, Japanese",Onslaught,3
73,Skyshroud Poacher,$12.00,"NM-Mint, Japanese",Nemesis,6
74,Skyshroud Poacher,$10.80,"Light Play, Japanese",Nemesis,2
75,Attrition,$9.60,"Moderate Play, Japanese",Urza's Destiny,1
76,Nissa Revane,$12.00,"NM-Mint, Japanese",Zendikar,1
77,Birds of Paradise,$12.00,"NM-Mint, Japanese",Magic 2012,1
78,"Elspeth, Sun's Champion",$12.00,"NM-Mint, Japanese",Theros,1
79,"Erebos, God of the Dead",$12.00,"NM-Mint, Japanese",Theros,1
80,"Thassa, God of the Sea",$12.00,"NM-Mint, Japanese",Theros,1
81,"Ajani, Mentor of Heroes",$12.00,"NM-Mint, Japanese",Journey into Nyx,1
82,"Jin-Gitaxias, Progress Tyrant",$12.00,"NM-Mint, Japanese",Kamigawa: Neon Dynasty,6
83,Mind Stone - Gateway Foil,$9.90,"Light Play, Japanese",Unique & Misc Promos,1
84,Syphon Sliver,$11.00,"NM-Mint, Japanese",Magic 2014,5
85,"Mogis, God of Slaughter",$11.00,"NM-Mint, Japanese",Born of the Gods,1
86,Powder Keg,$6.30,"Damaged, Japanese",Urza's Destiny,1
87,Gilded Lotus - Foil,$10.20,"NM-Mint, Japanese",Magic 2013,4
88,Shapesharer,$9.00,"Light Play, Japanese",Lorwyn,1
89,Liliana Vess,$10.00,"NM-Mint, Japanese",Magic 2011,2
90,"Nicol Bolas, Dragon-God",$10.00,"NM-Mint, Japanese",War of the Spark,2
91,Spark Double,$10.00,"NM-Mint, Japanese",War of the Spark,13
92,Abundant Harvest - Foil - Japanese Alternate Art,$10.00,"NM-Mint, Japanese",Strixhaven: Mystical Archives,1
93,Roil Elemental,$8.99,"Light Play, Japanese",Zendikar,1
94,Platinum Angel,$7.20,"Moderate Play, Japanese",Mirrodin,1
95,Forced Fruition,$9.00,"NM-Mint, Japanese",Lorwyn,1
96,Blatant Thievery,$8.10,"Light Play, Japanese",Commander 2015,1
97,"Ilharg, the Raze-Boar",$9.00,"NM-Mint, Japanese",War of the Spark,1
98,Inventors' Fair,$8.99,"NM-Mint, Japanese",Kaladesh,2
99,Might of Old Krosa - Foil,$8.00,"NM-Mint, Japanese",Time Spiral,4
100,"Kamahl, Fist of Krosa",$8.00,"NM-Mint, Japanese",Onslaught,1
101,Fervent Charge,$7.20,"Light Play, Japanese",Apocalypse,1
102,Inexorable Tide,$8.00,"NM-Mint, Japanese",Scars of Mirrodin,1
103,Drowned Catacomb,$8.00,"NM-Mint, Japanese",Magic 2012,1
104,Blind Obedience,$8.00,"NM-Mint, Japanese",Gatecrash,1
105,Blind Obedience,$7.20,"Light Play, Japanese",Gatecrash,1
106,"Phenax, God of Deception",$8.00,"NM-Mint, Japanese",Born of the Gods,1
107,Dragonlord Kolaghan,$8.00,"NM-Mint, Japanese",Dragons of Tarkir,1
108,Wastes (184) (Full Art) - Foil,$8.00,"NM-Mint, Japanese",Oath of the Gatewatch,1
109,Inexorable Tide,$8.00,"NM-Mint, Japanese",Modern Masters 2015,1
110,Ophiomancer,$8.00,"NM-Mint, Japanese",Commander 2013,6
111,"Westvale Abbey // Ormendahl, Profane Prince",$8.00,"NM-Mint, Japanese",Shadows Over Innistrad,1
112,"Tamiyo, Field Researcher",$8.00,"NM-Mint, Japanese",Eldritch moon,1
113,Blind Obedience,$8.00,"NM-Mint, Japanese",Commander 2016,1
114,Forbidden Orchard,$8.00,"NM-Mint, Japanese",Commander 2016,2
115,Blind Obedience,$8.00,"NM-Mint, Japanese",Commander 2017,1
116,God-Eternal Rhonas,$8.00,"NM-Mint, Japanese",War of the Spark,7
117,God-Eternal Oketra,$8.00,"NM-Mint, Japanese",War of the Spark,4
118,Eternity Vessel,$7.99,"NM-Mint, Japanese",Zendikar,1
119,"Omnath, Locus of the Roil",$7.99,"NM-Mint, Japanese",Core Set 2020,1
120,Black Sun's Zenith,$7.00,"NM-Mint, Japanese",Mirrodin Besieged,2
121,Primeval Titan,$6.30,"Light Play, Japanese",Magic 2012,1
122,"Garruk, Caller of Beasts",$7.00,"NM-Mint, Japanese",Magic 2014,4
123,Sanctum of Ugin - Foil,$7.00,"NM-Mint, Japanese",Battle for Zendikar,2
124,Collective Voyage,$7.00,"NM-Mint, Japanese",Commander 2016,1
125,Hungry Lynx,$7.00,"NM-Mint, Japanese",Commander 2017,1
126,Lethal Vapors,$6.00,"NM-Mint, Japanese",Scourge,1
127,Cryptic Gateway,$6.00,"NM-Mint, Japanese",Onslaught,2
128,Wanderwine Hub,$6.00,"NM-Mint, Japanese",Lorwyn,1
129,Wanderwine Hub,$4.80,"Moderate Play, Japanese",Lorwyn,1
130,Dusk Urchins,$6.00,"NM-Mint, Japanese",Shadowmoor,1
131,Dusk Urchins,$5.40,"Light Play, Japanese",Shadowmoor,2
132,Vexing Shusher,$6.00,"NM-Mint, Japanese",Shadowmoor,1
133,Phyrexian Unlife,$6.00,"NM-Mint, Japanese",New Phyrexia,1
134,"Nicol Bolas, Planeswalker",$6.00,"NM-Mint, Japanese",Magic 2013,1
135,Bonescythe Sliver,$6.00,"NM-Mint, Japanese",Magic 2014,2
136,Whip of Erebos,$6.00,"NM-Mint, Japanese",Theros,1
137,Soulfire Grand Master,$6.00,"NM-Mint, Japanese",Fate Reforged,1
138,"Sorin, Grim Nemesis",$6.00,"NM-Mint, Japanese",Shadows Over Innistrad,1
139,Traverse the Ulvenwald - Foil,$18.00,"NM-Mint, Japanese",Shadows Over Innistrad,3
140,Conqueror's Flail,$6.00,"NM-Mint, Japanese",Commander 2016,1
141,Bolas's Citadel,$6.00,"NM-Mint, Japanese",War of the Spark,10
142,"Jace, Wielder of Mysteries",$6.00,"NM-Mint, Japanese",War of the Spark,5
143,God-Eternal Kefnet,$6.00,"NM-Mint, Japanese",War of the Spark,4
144,"Nissa, Who Shakes the World",$6.00,"NM-Mint, Japanese",War of the Spark,3
145,Narset's Reversal,$6.00,"NM-Mint, Japanese",War of the Spark,8
146,"Atsushi, the Blazing Sky",$6.00,"NM-Mint, Japanese",Kamigawa: Neon Dynasty,1
147,Kodama of the West Tree,$6.00,"NM-Mint, Japanese",Kamigawa: Neon Dynasty,1
148,Go-Shintai of Life's Origin,$6.00,"NM-Mint, Japanese",Commander: Kamigawa: Neon Dynasty,17
149,Ruthless Technomancer - Foil,$6.00,"NM-Mint, Japanese",Commander: Kamigawa: Neon Dynasty,4
150,Eye of Singularity,$4.68,"Light Play, Japanese",Visions,1
151,Crumble to Dust - Foil Foreign,$5.04,"NM-Mint, Japanese",Battle for Zendikar,1
152,Mindslaver,$5.00,"NM-Mint, Japanese",Mirrodin,1
153,Surgespanner,$5.00,"NM-Mint, Japanese",Lorwyn,1
154,Vampire Hexmage - Foil,$5.00,"NM-Mint, Japanese",Zendikar,1
155,Groundswell - Foil,$5.00,"NM-Mint, Japanese",Worldwake,3
156,Mindslaver,$4.50,"Light Play, Japanese",Scars of Mirrodin,1
157,"Melira, Sylvok Outcast",$5.00,"NM-Mint, Japanese",New Phyrexia,3
158,Rune-Scarred Demon,$4.50,"Light Play, Japanese",Magic 2012,1
159,Havengul Lich,$5.00,"NM-Mint, Japanese",Dark Ascension,3
160,"Ajani, Caller of the Pride",$5.00,"NM-Mint, Japanese",Magic 2014,1
161,"Sidisi, Undead Vizier",$5.00,"NM-Mint, Japanese",Dragons of Tarkir,1
162,Sunforger - Foil,$4.50,"Light Play, Japanese",Modern Masters 2015,1
163,Armory Automaton,$5.00,"NM-Mint, Japanese",Commander 2016,1
164,Disallow,$5.00,"NM-Mint, Japanese",Aether Revolt,1
165,God-Eternal Bontu,$5.00,"NM-Mint, Japanese",War of the Spark,4
166,"Ugin, the Ineffable",$5.00,"NM-Mint, Japanese",War of the Spark,10
167,Finale of Revelation,$5.00,"NM-Mint, Japanese",War of the Spark,17
168,Drown in Dreams - Extended Art,$5.00,"NM-Mint, Japanese",Commander: Innistrad: Midnight Hunt,8
169,Dovin's Veto,$4.99,"NM-Mint, Japanese",War of the Spark,8
170,Island (296) - Foil - Japanese Full Art,$4.99,"NM-Mint, Japanese",Kamigawa: Neon Dynasty,3
171,Patron Wizard,$4.00,"NM-Mint, Japanese",Odyssey,2
172,Patron Wizard,$3.60,"Light Play, Japanese",Odyssey,1
173,Petrified Field,$4.00,"NM-Mint, Japanese",Odyssey,1
174,Petrified Field,$3.60,"Light Play, Japanese",Odyssey,4
175,Tectonic Instability,$3.60,"Light Play, Japanese",Invasion,1
176,Master of the Wild Hunt,$4.00,"NM-Mint, Japanese",Magic 2010,1
177,Coralhelm Commander,$4.00,"NM-Mint, Japanese",Rise of the Eldrazi,2
178,Coralhelm Commander,$3.60,"Light Play, Japanese",Rise of the Eldrazi,2
179,Traumatize,$4.00,"NM-Mint, Japanese",Magic 2011,1
180,Merieke Ri Berit,$4.00,"NM-Mint, Japanese",Timeshifted,8
181,Thundermaw Hellkite,$4.00,"NM-Mint, Japanese",Magic 2013,2
182,Thundermaw Hellkite,$3.60,"Light Play, Japanese",Magic 2013,3
183,Medomai the Ageless,$4.00,"NM-Mint, Japanese",Theros,1
184,Dragonlord Silumgar,$4.00,"NM-Mint, Japanese",Dragons of Tarkir,2
185,Blast Zone,$4.00,"NM-Mint, Japanese",War of the Spark,19
186,Finale of Glory,$4.00,"NM-Mint, Japanese",War of the Spark,16
187,"Ashiok, Nightmare Muse",$4.00,"NM-Mint, Japanese",Theros Beyond Death,1
188,Mirror Box - Foil - Showcase,$4.00,"NM-Mint, Japanese",Kamigawa: Neon Dynasty,1
189,Swamp (298) - Japanese Full Art,$4.00,"NM-Mint, Japanese",Kamigawa: Neon Dynasty,19
190,Thousand-Faced Shadow - Foil - Showcase,$4.00,"NM-Mint, Japanese",Kamigawa: Neon Dynasty,1
191,Shifting Sliver,$3.50,"NM-Mint, Japanese",Legions,2
192,Shifting Sliver,$2.10,"Damaged, Japanese",Legions,1
193,Puppet's Verdict,$3.15,"Light Play, Japanese",Mercadian Masques,1
194,Stonehewer Giant,$3.15,"Light Play, Japanese",Morningtide,1
195,Time Reversal,$3.50,"NM-Mint, Japanese",Magic 2011,1
196,Ancestral Vision,$3.50,"NM-Mint, Japanese",Duel Decks: Jace vs Chandra,1
197,Ancestral Vision,$3.15,"Light Play, Japanese",Duel Decks: Jace vs Chandra,2
198,Cruel Entertainment,$3.50,"NM-Mint, Japanese",Commander 2016,1
199,Cauldron of Souls,$3.50,"NM-Mint, Japanese",Commander 2016,2
200,Island (296) - Japanese Full Art,$3.50,"NM-Mint, Japanese",Kamigawa: Neon Dynasty,32
201,Plains (293) - Japanese Full Art,$3.50,"NM-Mint, Japanese",Kamigawa: Neon Dynasty,46
202,"Nashi, Moon Sage's Scion",$3.50,"NM-Mint, Japanese",Kamigawa: Neon Dynasty,1
203,Forbidden Ritual,$2.97,"Light Play, Japanese",Visions,1
204,Memory Plunder,$2.70,"Light Play, Japanese",Shadowmoor,1
205,Rhys the Redeemed,$2.40,"Moderate Play, Japanese",Shadowmoor,1
206,Blade of the Bloodchief,$2.70,"Light Play, Japanese",Zendikar,1
207,Bident of Thassa,$3.00,"NM-Mint, Japanese",Theros,2
208,"Pharika, God of Affliction",$3.00,"NM-Mint, Japanese",Journey into Nyx,1
209,Molten Vortex - Foil,$3.00,"NM-Mint, Japanese",Origins,2
210,Nevinyrral's Disk - Foil,$15.00,"NM-Mint, Japanese",Eternal Masters,3
211,Blossoming Defense - Foil,$3.00,"NM-Mint, Japanese",Kaladesh,4
212,Mycoloth,$3.00,"NM-Mint, Japanese",Commander 2016,1
213,Gideon Blackblade,$3.00,"NM-Mint, Japanese",War of the Spark,2
214,Finale of Promise,$3.00,"NM-Mint, Japanese",War of the Spark,13
215,The Elderspell - Foil,$3.00,"NM-Mint, Japanese",War of the Spark,7
216,Swamp (297) - Japanese Full Art,$3.00,"NM-Mint, Japanese",Kamigawa: Neon Dynasty,36
217,Blade of the Oni - Foil,$3.00,"NM-Mint, Japanese",Kamigawa: Neon Dynasty,1
218,Containment Construct - Foil,$3.00,"NM-Mint, Japanese",Kamigawa: Neon Dynasty,2
219,Mindlink Mech - Foil - Showcase,$3.00,"NM-Mint, Japanese",Kamigawa: Neon Dynasty,1
220,"Risona, Asari Commander - Foil - Showcase",$3.00,"NM-Mint, Japanese",Kamigawa: Neon Dynasty,1
221,"Kura, the Boundless Sky",$3.00,"NM-Mint, Japanese",Kamigawa: Neon Dynasty,4
222,Forest (302) - Foil - Japanese Full Art,$2.99,"NM-Mint, Japanese",Kamigawa: Neon Dynasty,9
223,"Ib Halfheart, Goblin Tactician",$2.50,"NM-Mint, Japanese",Time Spiral,1
224,Three Wishes,$2.50,"NM-Mint, Japanese",Visions,1
225,"Sedris, the Traitor King",$2.50,"NM-Mint, Japanese",Shards of Alara,4
226,Day of Judgment,$2.50,"NM-Mint, Japanese",Magic 2012,3
227,Domri Rade,$2.50,"NM-Mint, Japanese",Gatecrash,3
228,Dark Prophecy,$2.50,"NM-Mint, Japanese",Magic 2014,1
229,Crux of Fate,$2.50,"NM-Mint, Japanese",Fate Reforged,1
230,"Kiora, Master of the Depths",$2.50,"NM-Mint, Japanese",Battle for Zendikar,1
231,Sea Gate Wreckage - Foil,$2.50,"NM-Mint, Japanese",Oath of the Gatewatch,2
232,Deepglow Skate,$2.50,"NM-Mint, Japanese",Commander 2016,1
233,Karn's Bastion,$2.50,"NM-Mint, Japanese",War of the Spark,10
234,Biting-Palm Ninja - Foil - Showcase,$2.50,"NM-Mint, Japanese",Kamigawa: Neon Dynasty,1
235,Island (295) - Japanese Full Art,$2.50,"NM-Mint, Japanese",Kamigawa: Neon Dynasty,16
236,"Tamiyo, Compleated Sage",$2.50,"NM-Mint, Japanese",Kamigawa: Neon Dynasty,3
237,Ogre-Head Helm - Foil - Showcase,$2.50,"NM-Mint, Japanese",Kamigawa: Neon Dynasty,1
238,Plains (294) - Foil - Japanese Full Art,$2.49,"NM-Mint, Japanese",Kamigawa: Neon Dynasty,13
239,Blood Funnel,$1.80,"Light Play, Japanese",Ravnica,1
240,Beacon of Immortality,$1.80,"Light Play, Japanese",Fifth Dawn,1
241,Riftstone Portal,$2.00,"NM-Mint, Japanese",Judgment,1
242,Puca's Mischief,$2.00,"NM-Mint, Japanese",Shadowmoor,1
243,Puca's Mischief,$1.80,"Light Play, Japanese",Shadowmoor,1
244,Mark of Asylum,$2.00,"NM-Mint, Japanese",Conflux,2
245,Avatar of Slaughter,$2.00,"NM-Mint, Japanese",Commander,1
246,Vengeful Pharaoh,$2.00,"NM-Mint, Japanese",Magic 2012,2
247,Zealous Conscripts,$2.00,"NM-Mint, Japanese",Avacyn Restored,1
248,Scourge of Valkas,$2.00,"NM-Mint, Japanese",Magic 2014,1
249,Scourge of Valkas,$1.80,"Light Play, Japanese",Magic 2014,1
250,Kheru Spellsnatcher - Foil,$2.00,"NM-Mint, Japanese",Khans of Tarkir,1
251,Undergrowth Champion,$2.00,"NM-Mint, Japanese",Battle for Zendikar,2
252,Murmuring Bosk,$1.80,"Light Play, Japanese",Commander 2016,1
253,Planar Bridge,$2.00,"NM-Mint, Japanese",Aether Revolt,1
254,Radiant Destiny,$2.00,"NM-Mint, Japanese",Rivals of Ixalan,1
255,"Zahid, Djinn of the Lamp - Foil",$2.00,"NM-Mint, Japanese",Dominaria,1
256,Persistent Petitioners,$2.00,"NM-Mint, Japanese",Ravnica Allegiance,1
257,Dreadhorde Arcanist,$2.00,"NM-Mint, Japanese",War of the Spark,6
258,"Feather, the Redeemed",$2.00,"NM-Mint, Japanese",War of the Spark,10
259,"Krenko, Tin Street Kingpin",$2.00,"NM-Mint, Japanese",War of the Spark,17
260,"Vivien, Champion of the Wilds",$2.00,"NM-Mint, Japanese",War of the Spark,12
261,Finale of Eternity,$2.00,"NM-Mint, Japanese",War of the Spark,14
262,Furycalm Snarl,$2.00,"NM-Mint, Japanese",Strixhaven: School of Mages,1
263,Forest (301) - Japanese Full Art,$2.00,"NM-Mint, Japanese",Kamigawa: Neon Dynasty,32
264,Forest (302) - Japanese Full Art,$2.00,"NM-Mint, Japanese",Kamigawa: Neon Dynasty,42
265,"Ao, the Dawn Sky",$2.00,"NM-Mint, Japanese",Kamigawa: Neon Dynasty,5
266,Eiganjo Uprising - Foil,$2.00,"NM-Mint, Japanese",Kamigawa: Neon Dynasty,5
267,Invoke Calamity - Foil,$2.00,"NM-Mint, Japanese",Kamigawa: Neon Dynasty,2
268,Invoke Justice - Foil,$2.00,"NM-Mint, Japanese",Kamigawa: Neon Dynasty,1
269,Mirror Box,$2.00,"NM-Mint, Japanese",Kamigawa: Neon Dynasty,7
270,Kami of Transience - Foil,$2.00,"NM-Mint, Japanese",Kamigawa: Neon Dynasty,1
271,March of Reckless Joy - Foil,$2.00,"NM-Mint, Japanese",Kamigawa: Neon Dynasty,4
272,Mechtitan Core - Foil,$2.00,"NM-Mint, Japanese",Kamigawa: Neon Dynasty,1
273,Mechtitan Core - Showcase,$2.00,"NM-Mint, Japanese",Kamigawa: Neon Dynasty,2
274,Plains (294) - Japanese Full Art,$2.00,"NM-Mint, Japanese",Kamigawa: Neon Dynasty,42
275,Scrap Welder - Foil,$2.00,"NM-Mint, Japanese",Kamigawa: Neon Dynasty,1
276,"Satsuki, the Living Lore - Foil",$2.00,"NM-Mint, Japanese",Kamigawa: Neon Dynasty,1
277,Teachings of the Kirin // Kirin-Touched Orochi - Foil,$2.00,"NM-Mint, Japanese",Kamigawa: Neon Dynasty,2
278,"Tatsunari, Toad Rider - Foil",$2.00,"NM-Mint, Japanese",Kamigawa: Neon Dynasty,2
279,The Dragon-Kami Reborn // Dragon-Kami's Egg - Foil - Showcase,$2.00,"NM-Mint, Japanese",Kamigawa: Neon Dynasty,1
280,March of Burgeoning Life - Foil,$2.00,"NM-Mint, Japanese",Kamigawa: Neon Dynasty,2
281,Inventive Iteration // Living Breakthrough - Foil,$2.00,"NM-Mint, Japanese",Kamigawa: Neon Dynasty,3
282,"Kotose, the Silent Spider - Foil",$2.00,"NM-Mint, Japanese",Kamigawa: Neon Dynasty,1
283,Soul Transfer - Foil,$2.00,"NM-Mint, Japanese",Kamigawa: Neon Dynasty,2
284,Mindlink Mech - Foil,$2.00,"NM-Mint, Japanese",Kamigawa: Neon Dynasty,1
285,Mukotai Soulripper - Foil - Showcase,$2.00,"NM-Mint, Japanese",Kamigawa: Neon Dynasty,1
286,Spring-Leaf Avenger - Foil,$2.00,"NM-Mint, Japanese",Kamigawa: Neon Dynasty,3
287,Spring-Leaf Avenger - Foil - Showcase,$2.00,"NM-Mint, Japanese",Kamigawa: Neon Dynasty,1
288,"Risona, Asari Commander - Foil",$2.00,"NM-Mint, Japanese",Kamigawa: Neon Dynasty,1
289,Eater of Virtue - Foil,$2.00,"NM-Mint, Japanese",Kamigawa: Neon Dynasty,4
290,Ogre-Head Helm - Foil,$2.00,"NM-Mint, Japanese",Kamigawa: Neon Dynasty,1
291,Invoke the Ancients - Foil,$2.00,"NM-Mint, Japanese",Kamigawa: Neon Dynasty,1
292,"Shigeki, Jukai Visionary - Foil - Showcase",$2.00,"NM-Mint, Japanese",Kamigawa: Neon Dynasty,1
293,"Yoshimaru, Ever Faithful",$2.00,"NM-Mint, Japanese",Commander: Kamigawa: Neon Dynasty,5
294,Ruthless Technomancer,$2.00,"NM-Mint, Japanese",Commander: Kamigawa: Neon Dynasty,17
295,Myojin of Blooming Dawn - Foil,$2.00,"NM-Mint, Japanese",Commander: Kamigawa: Neon Dynasty,2
296,Myojin of Cryptic Dreams - Foil,$2.00,"NM-Mint, Japanese",Commander: Kamigawa: Neon Dynasty,4
297,Myojin of Grim Betrayal - Foil,$2.00,"NM-Mint, Japanese",Commander: Kamigawa: Neon Dynasty,1
298,Myojin of Towering Might - Foil,$2.00,"NM-Mint, Japanese",Commander: Kamigawa: Neon Dynasty,2
299,"Jarad, Golgari Lich Lord",$1.79,"Light Play, Japanese",Return to Ravnica,1
300,Misers' Cage,$1.71,"Light Play, Japanese",Mirage,1
301,Tainted Wood,$1.35,"Light Play, Japanese",Torment,1
302,Atogatog,$1.50,"NM-Mint, Japanese",Odyssey,1
303,Embargo,$1.50,"NM-Mint, Japanese",Mercadian Masques,2
304,"Doran, the Siege Tower",$1.50,"NM-Mint, Japanese",Lorwyn,1
305,Temple Bell,$1.50,"NM-Mint, Japanese",Magic 2011,2
306,Lord of the Unreal,$1.50,"NM-Mint, Japanese",Magic 2012,1
307,Primeval Bounty,$1.50,"NM-Mint, Japanese",Magic 2014,3
308,Haven of the Spirit Dragon,$1.50,"NM-Mint, Japanese",Dragons of Tarkir,1
309,Twilight's Call,$1.50,"NM-Mint, Japanese",Duel Decks: Izzet vs Golgari,2
310,"Kambal, Consul of Allocation",$1.50,"NM-Mint, Japanese",Kaladesh,4
311,Vela the Night-Clad,$1.50,"NM-Mint, Japanese",Planechase 2012,1
312,Dire Fleet Ravager,$1.50,"NM-Mint, Japanese",Ixalan,1
313,"Saheeli, Sublime Artificer - Japanese Alternate Art",$1.50,"NM-Mint, Japanese",War of the Spark,1
314,Spirit-Sister's Call - Showcase,$1.50,"NM-Mint, Japanese",Kamigawa: Neon Dynasty,4
315,Mindlink Mech - Showcase,$1.50,"NM-Mint, Japanese",Kamigawa: Neon Dynasty,4
316,Roadside Reliquary - Foil,$1.50,"NM-Mint, Japanese",Kamigawa: Neon Dynasty,2
317,"Ajani, the Greathearted",$1.49,"NM-Mint, Japanese",War of the Spark,2
318,"Ral, Storm Conduit",$1.49,"NM-Mint, Japanese",War of the Spark,4
319,Countryside Crusher,$1.00,"NM-Mint, Japanese",Morningtide,3
320,Scute Mob,$0.80,"Moderate Play, Japanese",Zendikar,1
321,Frost Titan,$0.80,"Moderate Play, Japanese",Magic 2011,1
322,Bladewing the Risen,$0.90,"Light Play, Japanese",Commander,1
323,Cemetery Reaper,$1.00,"NM-Mint, Japanese",Magic 2012,5
324,Frost Titan,$0.80,"Moderate Play, Japanese",Magic 2012,1
325,Necropolis Regent,$1.00,"NM-Mint, Japanese",Return to Ravnica,1
326,Hythonia the Cruel,$1.00,"NM-Mint, Japanese",Theros,2
327,Prophetic Flamespeaker,$1.00,"NM-Mint, Japanese",Journey into Nyx,2
328,Dragonlord Ojutai,$1.00,"NM-Mint, Japanese",Dragons of Tarkir,1
329,Sunscorch Regent,$1.00,"NM-Mint, Japanese",Dragons of Tarkir,1
330,Greenwarden of Murasa,$1.00,"NM-Mint, Japanese",Battle for Zendikar,2
331,Mystic Snake,$1.00,"NM-Mint, Japanese",Modern Masters 2015,1
332,Visara the Dreadful,$1.00,"NM-Mint, Japanese",Eternal Masters,1
333,Vraska's Contempt,$1.00,"NM-Mint, Japanese",Ixalan,2
334,"Wasitora, Nekoru Queen",$1.00,"NM-Mint, Japanese",Commander 2017,1
335,"Josu Vess, Lich Knight",$1.00,"NM-Mint, Japanese",Dominaria,4
336,"Dovin, Grand Arbiter",$1.00,"NM-Mint, Japanese",Ravnica Allegiance,1
337,Cruel Celebrant,$1.00,"NM-Mint, Japanese",War of the Spark,12
338,Neoform,$0.90,"Light Play, Japanese",War of the Spark,1
339,"Roalesk, Apex Hybrid",$1.00,"NM-Mint, Japanese",War of the Spark,9
340,Casualties of War,$1.00,"NM-Mint, Japanese",War of the Spark,9
341,"Kairi, the Swirling Sky",$1.00,"NM-Mint, Japanese",Kamigawa: Neon Dynasty,2
342,Moonsnare Prototype - Foil,$1.00,"NM-Mint, Japanese",Kamigawa: Neon Dynasty,5
343,"Raiyuu, Storm's Edge - Showcase",$1.00,"NM-Mint, Japanese",Kamigawa: Neon Dynasty,1
344,Spirit-Sister's Call,$1.00,"NM-Mint, Japanese",Kamigawa: Neon Dynasty,11
345,Thousand-Faced Shadow,$1.00,"NM-Mint, Japanese",Kamigawa: Neon Dynasty,1
346,The Kami War // O-Kagachi Made Manifest,$1.00,"NM-Mint, Japanese",Kamigawa: Neon Dynasty,8
347,Weaver of Harmony,$1.00,"NM-Mint, Japanese",Kamigawa: Neon Dynasty,5
348,"Kotose, the Silent Spider - Showcase",$1.00,"NM-Mint, Japanese",Kamigawa: Neon Dynasty,1
349,Explosive Singularity,$1.00,"NM-Mint, Japanese",Kamigawa: Neon Dynasty,11
350,Explosive Singularity - Showcase,$1.00,"NM-Mint, Japanese",Kamigawa: Neon Dynasty,1
351,"Chishiro, the Shattered Blade",$1.00,"NM-Mint, Japanese",Commander: Kamigawa: Neon Dynasty,11
352,"Kotori, Pilot Prodigy",$1.00,"NM-Mint, Japanese",Commander: Kamigawa: Neon Dynasty,10
353,"Kaima, the Fractured Calm",$1.00,"NM-Mint, Japanese",Commander: Kamigawa: Neon Dynasty,14
354,Verdurous Gearhulk,$0.99,"NM-Mint, Japanese",Kaladesh,1
355,"Slobad, Goblin Tinkerer",$0.80,"NM-Mint, Japanese",Darksteel,1
356,Ichorid,$0.64,"Moderate Play, Japanese",Torment,1
357,Firespout,$0.80,"NM-Mint, Japanese",Shadowmoor,2
358,Firespout,$0.72,"Light Play, Japanese",Shadowmoor,1
359,Firespout,$0.80,"NM-Mint, Japanese",Commander,1
360,Rites of Flourishing,$0.80,"NM-Mint, Japanese",Magic 2012,1
361,Harvester of Souls,$0.72,"Light Play, Japanese",Avacyn Restored,1
362,Set Adrift - Foil,$5.50,"NM-Mint, Japanese",Khans of Tarkir,4
363,Darksteel Citadel,$0.80,"NM-Mint, Japanese",Modern Masters 2015,1
364,Ghirapur Orrery,$0.80,"NM-Mint, Japanese",Kaladesh,1
365,Hour of Devastation,$0.80,"NM-Mint, Japanese",Hour of Devastation,1
366,Profane Procession // Tomb of the Dusk Rose,$0.80,"NM-Mint, Japanese",Rivals of Ixalan,1
367,"Chandra, Fire Artisan",$0.80,"NM-Mint, Japanese",War of the Spark,16
368,Biting-Palm Ninja - Showcase,$0.80,"NM-Mint, Japanese",Kamigawa: Neon Dynasty,5
369,Surgehacker Mech - Showcase,$0.80,"NM-Mint, Japanese",Kamigawa: Neon Dynasty,2
370,Tempered in Solitude - Foil,$0.80,"NM-Mint, Japanese",Kamigawa: Neon Dynasty,2
371,Containment Construct,$0.80,"NM-Mint, Japanese",Kamigawa: Neon Dynasty,26
372,"Risona, Asari Commander - Showcase",$0.80,"NM-Mint, Japanese",Kamigawa: Neon Dynasty,3
373,Invigorating Hot Spring - Foil,$0.80,"NM-Mint, Japanese",Kamigawa: Neon Dynasty,2
374,"Shigeki, Jukai Visionary - Showcase",$0.80,"NM-Mint, Japanese",Kamigawa: Neon Dynasty,2
375,The Elderspell,$0.60,"NM-Mint, Japanese",War of the Spark,9
376,Ogre-Head Helm - Showcase,$0.60,"NM-Mint, Japanese",Kamigawa: Neon Dynasty,2
377,Oblation,$0.45,"Light Play, Japanese",Onslaught,1
378,Shifty Doppelganger,$0.50,"NM-Mint, Japanese",Odyssey,1
379,Goblin Game,$0.50,"NM-Mint, Japanese",Planeshift,1
380,Questing Phelddagrif,$0.45,"Light Play, Japanese",Planeshift,1
381,Questing Phelddagrif,$0.40,"Moderate Play, Japanese",Planeshift,1
382,Wild Ricochet,$0.45,"Light Play, Japanese",Lorwyn,1
383,Ballyrush Banneret,$0.45,"Light Play, Japanese",Morningtide,1
384,Mirrorweave,$0.50,"NM-Mint, Japanese",Shadowmoor,1
385,Oblivion Ring,$0.50,"NM-Mint, Japanese",Shards of Alara,1
386,Into the Roil,$0.50,"NM-Mint, Japanese",Zendikar,4
387,Black Knight,$0.50,"NM-Mint, Japanese",Magic 2010,1
388,Bogardan Hellkite,$0.50,"NM-Mint, Japanese",Magic 2010,1
389,Djinn of Wishes,$0.35,"Heavy Play, Japanese",Magic 2010,1
390,Martyr of Frost,$0.50,"NM-Mint, Japanese",Duel Decks: Jace vs Chandra,1
391,Go for the Throat,$0.45,"Light Play, Japanese",Mirrodin Besieged,1
392,Tezzeret's Gambit,$0.50,"NM-Mint, Japanese",New Phyrexia,2
393,Extractor Demon,$0.50,"NM-Mint, Japanese",Commander,1
394,Mortify,$0.45,"Light Play, Japanese",Commander,1
395,Mentor of the Meek,$0.45,"Light Play, Japanese",Innistrad,1
396,Mask of Avacyn,$0.50,"NM-Mint, Japanese",Innistrad,1
397,Hellrider,$0.50,"NM-Mint, Japanese",Dark Ascension,1
398,Silklash Spider,$0.50,"NM-Mint, Japanese",Magic 2013,1
399,Ravenous Rats,$0.50,"NM-Mint, Japanese",Magic 2013,4
400,Gatecreeper Vine,$0.50,"NM-Mint, Japanese",Return to Ravnica,1
401,Wayfaring Temple,$0.50,"NM-Mint, Japanese",Return to Ravnica,1
402,Cartel Aristocrat,$0.50,"NM-Mint, Japanese",Gatecrash,1
403,Breaking // Entering,$0.50,"NM-Mint, Japanese",Dragon's Maze,1
404,Aetherling,$0.50,"NM-Mint, Japanese",Dragon's Maze,3
405,Hidden Strings,$0.50,"NM-Mint, Japanese",Dragon's Maze,2
406,Unflinching Courage,$0.50,"NM-Mint, Japanese",Dragon's Maze,1
407,Arbor Colossus,$0.50,"NM-Mint, Japanese",Theros,3
408,"Tymaret, the Murder King",$0.50,"NM-Mint, Japanese",Theros,3
409,Abbot of Keral Keep,$0.45,"Light Play, Japanese",Origins,1
410,"Shu Yun, the Silent Tempest",$0.50,"NM-Mint, Japanese",Fate Reforged,1
411,Icefall Regent,$0.50,"NM-Mint, Japanese",Dragons of Tarkir,1
412,Ruinous Path,$0.50,"NM-Mint, Japanese",Battle for Zendikar,1
413,Stormchaser Mage,$0.50,"NM-Mint, Japanese",Oath of the Gatewatch,3
414,Putrid Leech,$0.50,"NM-Mint, Japanese",Duel Decks: Izzet vs Golgari,1
415,Goblin Trenches,$0.50,"NM-Mint, Japanese",Eternal Masters,5
416,Keldon Marauders,$0.50,"NM-Mint, Japanese",Eternal Masters,3
417,Phyrexian Ingester,$0.50,"NM-Mint, Japanese",Eternal Masters,1
418,Wee Dragonauts,$0.50,"NM-Mint, Japanese",Eternal Masters,4
419,Blessed Alliance,$0.50,"NM-Mint, Japanese",Eldritch moon,3
420,Confiscation Coup,$0.50,"NM-Mint, Japanese",Kaladesh,1
421,Electrostatic Pummeler,$0.50,"NM-Mint, Japanese",Kaladesh,2
422,Syndicate Trafficker,$0.50,"NM-Mint, Japanese",Kaladesh,1
423,Mirrorweave,$0.50,"NM-Mint, Japanese",Commander 2016,1
424,Tezzeret's Touch,$0.50,"NM-Mint, Japanese",Aether Revolt,6
425,Unbridled Growth,$0.50,"NM-Mint, Japanese",Aether Revolt,11
426,"Naban, Dean of Iteration",$0.50,"NM-Mint, Japanese",Dominaria,1
427,Demon of Catastrophes,$0.50,"NM-Mint, Japanese",Core Set 2019,4
428,Isareth the Awakener,$0.50,"NM-Mint, Japanese",Core Set 2019,3
429,Sarkhan's Unsealing,$0.50,"NM-Mint, Japanese",Core Set 2019,2
430,Dreadhorde Invasion,$0.50,"NM-Mint, Japanese",War of the Spark,19
431,Enter the God-Eternals,$0.50,"NM-Mint, Japanese",War of the Spark,12
432,"Fblthp, the Lost",$0.50,"NM-Mint, Japanese",War of the Spark,11
433,Paradise Druid,$0.50,"NM-Mint, Japanese",War of the Spark,1
434,"Neheb, Dreadhorde Champion",$0.50,"NM-Mint, Japanese",War of the Spark,29
435,Time Wipe,$0.50,"NM-Mint, Japanese",War of the Spark,21
436,"Vraska, Swarm's Eminence",$0.50,"NM-Mint, Japanese",War of the Spark,1
437,Single Combat,$0.50,"NM-Mint, Japanese",War of the Spark,19
438,"Tolsimir, Friend to Wolves",$0.50,"NM-Mint, Japanese",War of the Spark,8
439,"Tomik, Distinguished Advokist",$0.50,"NM-Mint, Japanese",War of the Spark,19
440,Oath of Kaya,$0.50,"NM-Mint, Japanese",War of the Spark,15
441,Planewide Celebration,$0.50,"NM-Mint, Japanese",War of the Spark,30
442,Lochmere Serpent,$0.50,"NM-Mint, Japanese",Throne of Eldraine,7
443,Wicked Wolf,$0.50,"NM-Mint, Japanese",Throne of Eldraine,3
444,Witch's Vengeance,$0.50,"NM-Mint, Japanese",Throne of Eldraine,1
445,Dramatic Finale,$0.50,"NM-Mint, Japanese",Strixhaven: School of Mages,1
446,Covert Technician - Showcase,$0.50,"NM-Mint, Japanese",Kamigawa: Neon Dynasty,22
447,Ancestral Katana - Foil,$0.50,"NM-Mint, Japanese",Kamigawa: Neon Dynasty,6
448,Era of Enlightenment // Hand of Enlightenment - Foil,$0.50,"NM-Mint, Japanese",Kamigawa: Neon Dynasty,13
449,Behold the Unspeakable // Vision of the Unspeakable,$0.50,"NM-Mint, Japanese",Kamigawa: Neon Dynasty,77
450,Behold the Unspeakable // Vision of the Unspeakable - Foil,$0.50,"NM-Mint, Japanese",Kamigawa: Neon Dynasty,7
451,Covert Technician,$0.50,"NM-Mint, Japanese",Kamigawa: Neon Dynasty,16
452,Covert Technician - Foil,$0.50,"NM-Mint, Japanese",Kamigawa: Neon Dynasty,4
453,Biting-Palm Ninja,$0.50,"NM-Mint, Japanese",Kamigawa: Neon Dynasty,11
454,Akki Ember-Keeper - Foil,$0.50,"NM-Mint, Japanese",Kamigawa: Neon Dynasty,5
455,Azusa's Many Journeys // Likeness of the Seeker - Foil,$0.50,"NM-Mint, Japanese",Kamigawa: Neon Dynasty,2
456,Boseiju Reaches Skyward // Branch of Boseiju,$0.50,"NM-Mint, Japanese",Kamigawa: Neon Dynasty,1
457,Enthusiastic Mechanaut,$0.50,"NM-Mint, Japanese",Kamigawa: Neon Dynasty,40
458,Enthusiastic Mechanaut - Foil,$0.50,"NM-Mint, Japanese",Kamigawa: Neon Dynasty,1
459,Dokuchi Shadow-Walker - Foil,$0.50,"NM-Mint, Japanese",Kamigawa: Neon Dynasty,9
460,Eiganjo Uprising,$0.50,"NM-Mint, Japanese",Kamigawa: Neon Dynasty,16
461,Bronzeplate Boar,$0.50,"NM-Mint, Japanese",Kamigawa: Neon Dynasty,29
462,Bronzeplate Boar - Foil,$0.50,"NM-Mint, Japanese",Kamigawa: Neon Dynasty,6
463,Befriending the Moths // Imperial Moth - Foil,$0.50,"NM-Mint, Japanese",Kamigawa: Neon Dynasty,11
464,Bamboo Grove Archer - Foil,$0.50,"NM-Mint, Japanese",Kamigawa: Neon Dynasty,11
465,Banishing Slash,$0.50,"NM-Mint, Japanese",Kamigawa: Neon Dynasty,19
466,Banishing Slash - Foil,$0.50,"NM-Mint, Japanese",Kamigawa: Neon Dynasty,5
467,Asari Captain - Showcase,$0.50,"NM-Mint, Japanese",Kamigawa: Neon Dynasty,47
468,Akki War Paint - Foil,$0.50,"NM-Mint, Japanese",Kamigawa: Neon Dynasty,12
469,Dokuchi Shadow-Walker - Foil - Showcase,$0.50,"NM-Mint, Japanese",Kamigawa: Neon Dynasty,3
470,Asari Captain,$0.50,"NM-Mint, Japanese",Kamigawa: Neon Dynasty,38
471,Asari Captain - Foil,$0.50,"NM-Mint, Japanese",Kamigawa: Neon Dynasty,6
472,Futurist Operative,$0.50,"NM-Mint, Japanese",Kamigawa: Neon Dynasty,33
473,Futurist Operative - Foil,$0.50,"NM-Mint, Japanese",Kamigawa: Neon Dynasty,2
474,Armguard Familiar,$0.50,"NM-Mint, Japanese",Kamigawa: Neon Dynasty,20
475,Armguard Familiar - Foil,$0.50,"NM-Mint, Japanese",Kamigawa: Neon Dynasty,11
476,Awakened Awareness,$0.50,"NM-Mint, Japanese",Kamigawa: Neon Dynasty,32
477,Awakened Awareness - Foil,$0.50,"NM-Mint, Japanese",Kamigawa: Neon Dynasty,5
478,Assassin's Ink - Foil,$0.50,"NM-Mint, Japanese",Kamigawa: Neon Dynasty,7
479,Brilliant Restoration,$0.50,"NM-Mint, Japanese",Kamigawa: Neon Dynasty,1
480,Enormous Energy Blade - Foil,$0.50,"NM-Mint, Japanese",Kamigawa: Neon Dynasty,4
481,Born to Drive,$0.50,"NM-Mint, Japanese",Kamigawa: Neon Dynasty,24
482,Born to Drive - Foil,$0.50,"NM-Mint, Japanese",Kamigawa: Neon Dynasty,4
483,Fang of Shigeki - Foil,$0.50,"NM-Mint, Japanese",Kamigawa: Neon Dynasty,4
484,Fang of Shigeki - Foil - Showcase,$0.50,"NM-Mint, Japanese",Kamigawa: Neon Dynasty,1
485,"Hidetsugu, Devouring Chaos",$0.50,"NM-Mint, Japanese",Kamigawa: Neon Dynasty,18
486,Greater Tanuki - Foil,$0.50,"NM-Mint, Japanese",Kamigawa: Neon Dynasty,6
487,Jukai Naturalist,$0.50,"NM-Mint, Japanese",Kamigawa: Neon Dynasty,10
488,Imperial Subduer - Foil,$0.50,"NM-Mint, Japanese",Kamigawa: Neon Dynasty,8
489,Jukai Trainee - Foil,$0.50,"NM-Mint, Japanese",Kamigawa: Neon Dynasty,12
490,Go-Shintai of Shared Purpose,$0.50,"NM-Mint, Japanese",Kamigawa: Neon Dynasty,26
491,Go-Shintai of Shared Purpose - Foil,$0.50,"NM-Mint, Japanese",Kamigawa: Neon Dynasty,1
492,Invoke Calamity,$0.50,"NM-Mint, Japanese",Kamigawa: Neon Dynasty,8
493,Hotshot Mechanic,$0.50,"NM-Mint, Japanese",Kamigawa: Neon Dynasty,10
494,Hotshot Mechanic - Foil,$0.50,"NM-Mint, Japanese",Kamigawa: Neon Dynasty,2
495,Imperial Subduer - Foil - Showcase,$0.50,"NM-Mint, Japanese",Kamigawa: Neon Dynasty,3
496,Futurist Operative - Showcase,$0.50,"NM-Mint, Japanese",Kamigawa: Neon Dynasty,25
497,Generous Visitor,$0.50,"NM-Mint, Japanese",Kamigawa: Neon Dynasty,25
498,Generous Visitor - Foil,$0.50,"NM-Mint, Japanese",Kamigawa: Neon Dynasty,5
499,Gloomshrieker,$0.50,"NM-Mint, Japanese",Kamigawa: Neon Dynasty,42
500,Gloomshrieker - Foil,$0.50,"NM-Mint, Japanese",Kamigawa: Neon Dynasty,3
501,High-Speed Hoverbike,$0.50,"NM-Mint, Japanese",Kamigawa: Neon Dynasty,4
502,High-Speed Hoverbike - Foil,$0.50,"NM-Mint, Japanese",Kamigawa: Neon Dynasty,2
503,Guardians of Oboro,$0.50,"NM-Mint, Japanese",Kamigawa: Neon Dynasty,26
504,Guardians of Oboro - Foil,$0.50,"NM-Mint, Japanese",Kamigawa: Neon Dynasty,11
505,Historian's Wisdom - Foil,$0.50,"NM-Mint, Japanese",Kamigawa: Neon Dynasty,5
506,Guardians of Oboro - Showcase,$0.50,"NM-Mint, Japanese",Kamigawa: Neon Dynasty,48
507,Guardians of Oboro - Foil - Showcase,$0.50,"NM-Mint, Japanese",Kamigawa: Neon Dynasty,3
508,Invoke Justice,$0.50,"NM-Mint, Japanese",Kamigawa: Neon Dynasty,22
509,Inkrise Infiltrator - Foil,$0.50,"NM-Mint, Japanese",Kamigawa: Neon Dynasty,7
510,Go-Shintai of Ancient Wars,$0.50,"NM-Mint, Japanese",Kamigawa: Neon Dynasty,31
511,Go-Shintai of Ancient Wars - Foil,$0.50,"NM-Mint, Japanese",Kamigawa: Neon Dynasty,2
512,"Heiko Yamazaki, the General",$0.50,"NM-Mint, Japanese",Kamigawa: Neon Dynasty,29
513,"Heiko Yamazaki, the General - Foil",$0.50,"NM-Mint, Japanese",Kamigawa: Neon Dynasty,5
514,"Heiko Yamazaki, the General - Showcase",$0.50,"NM-Mint, Japanese",Kamigawa: Neon Dynasty,33
515,"Heiko Yamazaki, the General - Foil - Showcase",$0.50,"NM-Mint, Japanese",Kamigawa: Neon Dynasty,1
516,Inkrise Infiltrator - Foil - Showcase,$0.50,"NM-Mint, Japanese",Kamigawa: Neon Dynasty,2
517,"Kyodai, Soul of Kamigawa",$0.50,"NM-Mint, Japanese",Kamigawa: Neon Dynasty,17
518,Michiko's Reign of Truth // Portrait of Michiko,$0.50,"NM-Mint, Japanese",Kamigawa: Neon Dynasty,46
519,Lethal Exploit - Foil,$0.50,"NM-Mint, Japanese",Kamigawa: Neon Dynasty,12
520,Life of Toshiro Umezawa // Memory of Toshiro,$0.50,"NM-Mint, Japanese",Kamigawa: Neon Dynasty,2
521,Life of Toshiro Umezawa // Memory of Toshiro - Foil,$0.50,"NM-Mint, Japanese",Kamigawa: Neon Dynasty,11
522,Mukotai Soulripper,$0.50,"NM-Mint, Japanese",Kamigawa: Neon Dynasty,11
523,Kappa Tech-Wrecker - Foil,$0.50,"NM-Mint, Japanese",Kamigawa: Neon Dynasty,4
524,Moonsnare Prototype,$0.50,"NM-Mint, Japanese",Kamigawa: Neon Dynasty,21
525,March of Reckless Joy,$0.50,"NM-Mint, Japanese",Kamigawa: Neon Dynasty,3
526,Malicious Malfunction - Foil,$0.50,"NM-Mint, Japanese",Kamigawa: Neon Dynasty,5
527,Mechtitan Core,$0.50,"NM-Mint, Japanese",Kamigawa: Neon Dynasty,8
528,Light the Way - Foil,$0.50,"NM-Mint, Japanese",Kamigawa: Neon Dynasty,5
529,Mobilizer Mech,$0.50,"NM-Mint, Japanese",Kamigawa: Neon Dynasty,27
530,Mobilizer Mech - Foil,$0.50,"NM-Mint, Japanese",Kamigawa: Neon Dynasty,4
531,Satoru Umezawa,$0.50,"NM-Mint, Japanese",Kamigawa: Neon Dynasty,12
532,Simian Sling - Foil,$0.50,"NM-Mint, Japanese",Kamigawa: Neon Dynasty,1
533,Silver-Fur Master,$0.50,"NM-Mint, Japanese",Kamigawa: Neon Dynasty,38
534,Silver-Fur Master - Foil,$0.50,"NM-Mint, Japanese",Kamigawa: Neon Dynasty,7
535,Surgehacker Mech,$0.50,"NM-Mint, Japanese",Kamigawa: Neon Dynasty,21
536,Nezumi Prowler - Foil,$0.50,"NM-Mint, Japanese",Kamigawa: Neon Dynasty,4
537,Spirited Companion,$0.50,"NM-Mint, Japanese",Kamigawa: Neon Dynasty,16
538,Silver-Fur Master - Showcase,$0.50,"NM-Mint, Japanese",Kamigawa: Neon Dynasty,42
539,"Naomi, Pillar of Order",$0.50,"NM-Mint, Japanese",Kamigawa: Neon Dynasty,39
540,"Naomi, Pillar of Order - Foil",$0.50,"NM-Mint, Japanese",Kamigawa: Neon Dynasty,3
541,Sokenzan Smelter,$0.50,"NM-Mint, Japanese",Kamigawa: Neon Dynasty,25
542,Sokenzan Smelter - Foil,$0.50,"NM-Mint, Japanese",Kamigawa: Neon Dynasty,1
543,Runaway Trash-Bot - Foil,$0.50,"NM-Mint, Japanese",Kamigawa: Neon Dynasty,2
544,Scrap Welder,$0.50,"NM-Mint, Japanese",Kamigawa: Neon Dynasty,13
545,"Raiyuu, Storm's Edge",$0.50,"NM-Mint, Japanese",Kamigawa: Neon Dynasty,17
546,Sunblade Samurai - Foil,$0.50,"NM-Mint, Japanese",Kamigawa: Neon Dynasty,7
547,Peerless Samurai - Foil,$0.50,"NM-Mint, Japanese",Kamigawa: Neon Dynasty,10
548,Prodigy's Prototype,$0.50,"NM-Mint, Japanese",Kamigawa: Neon Dynasty,39
549,Prodigy's Prototype - Foil,$0.50,"NM-Mint, Japanese",Kamigawa: Neon Dynasty,4
550,Sunblade Samurai - Foil - Showcase,$0.50,"NM-Mint, Japanese",Kamigawa: Neon Dynasty,7
551,Peerless Samurai - Foil - Showcase,$0.50,"NM-Mint, Japanese",Kamigawa: Neon Dynasty,3
552,Reality Heist,$0.50,"NM-Mint, Japanese",Kamigawa: Neon Dynasty,31
553,Reality Heist - Foil,$0.50,"NM-Mint, Japanese",Kamigawa: Neon Dynasty,4
554,Nezumi Bladeblesser - Foil,$0.50,"NM-Mint, Japanese",Kamigawa: Neon Dynasty,7
555,"Satsuki, the Living Lore",$0.50,"NM-Mint, Japanese",Kamigawa: Neon Dynasty,22
556,"Norika Yamazaki, the Poet",$0.50,"NM-Mint, Japanese",Kamigawa: Neon Dynasty,24
557,"Norika Yamazaki, the Poet - Foil",$0.50,"NM-Mint, Japanese",Kamigawa: Neon Dynasty,4
558,Spell Pierce,$0.50,"NM-Mint, Japanese",Kamigawa: Neon Dynasty,6
559,Okiba Reckoner Raid // Nezumi Road Captain,$0.50,"NM-Mint, Japanese",Kamigawa: Neon Dynasty,57
560,Okiba Reckoner Raid // Nezumi Road Captain - Foil,$0.50,"NM-Mint, Japanese",Kamigawa: Neon Dynasty,2
561,Spinning Wheel Kick,$0.50,"NM-Mint, Japanese",Kamigawa: Neon Dynasty,1
562,Spinning Wheel Kick - Foil,$0.50,"NM-Mint, Japanese",Kamigawa: Neon Dynasty,2
563,"Norika Yamazaki, the Poet - Showcase",$0.50,"NM-Mint, Japanese",Kamigawa: Neon Dynasty,26
564,"Norika Yamazaki, the Poet - Foil - Showcase",$0.50,"NM-Mint, Japanese",Kamigawa: Neon Dynasty,2
565,Nezumi Bladeblesser - Foil - Showcase,$0.50,"NM-Mint, Japanese",Kamigawa: Neon Dynasty,2
566,The Modern Age // Vector Glider,$0.50,"NM-Mint, Japanese",Kamigawa: Neon Dynasty,58
567,Tamiyo's Compleation,$0.50,"NM-Mint, Japanese",Kamigawa: Neon Dynasty,20
568,Tamiyo's Compleation - Foil,$0.50,"NM-Mint, Japanese",Kamigawa: Neon Dynasty,7
569,The Shattered States Era // Nameless Conqueror - Foil,$0.50,"NM-Mint, Japanese",Kamigawa: Neon Dynasty,9
570,Unstoppable Ogre - Foil,$0.50,"NM-Mint, Japanese",Kamigawa: Neon Dynasty,7
571,The Dragon-Kami Reborn // Dragon-Kami's Egg,$0.50,"NM-Mint, Japanese",Kamigawa: Neon Dynasty,15
572,Teachings of the Kirin // Kirin-Touched Orochi,$0.50,"NM-Mint, Japanese",Kamigawa: Neon Dynasty,17
573,"Tatsunari, Toad Rider",$0.50,"NM-Mint, Japanese",Kamigawa: Neon Dynasty,17
574,Twinshot Sniper,$0.50,"NM-Mint, Japanese",Kamigawa: Neon Dynasty,27
575,Twinshot Sniper - Foil,$0.50,"NM-Mint, Japanese",Kamigawa: Neon Dynasty,2
576,Upriser Renegade,$0.50,"NM-Mint, Japanese",Kamigawa: Neon Dynasty,31
577,Upriser Renegade - Foil,$0.50,"NM-Mint, Japanese",Kamigawa: Neon Dynasty,3
578,Upriser Renegade - Showcase,$0.50,"NM-Mint, Japanese",Kamigawa: Neon Dynasty,34
579,Tribute to Horobi // Echo of Death's Wail,$0.50,"NM-Mint, Japanese",Kamigawa: Neon Dynasty,18
580,Tempered in Solitude,$0.50,"NM-Mint, Japanese",Kamigawa: Neon Dynasty,24
581,Walking Skyscraper - Foil,$0.50,"NM-Mint, Japanese",Kamigawa: Neon Dynasty,5
582,The Fall of Lord Konda // Fragment of Konda,$0.50,"NM-Mint, Japanese",Kamigawa: Neon Dynasty,52
583,The Fall of Lord Konda // Fragment of Konda - Foil,$0.50,"NM-Mint, Japanese",Kamigawa: Neon Dynasty,6
584,Heir of the Ancient Fang - Foil,$0.50,"NM-Mint, Japanese",Kamigawa: Neon Dynasty,7
585,Heir of the Ancient Fang - Foil - Showcase,$0.50,"NM-Mint, Japanese",Kamigawa: Neon Dynasty,5
586,Coiling Stalker - Foil,$0.50,"NM-Mint, Japanese",Kamigawa: Neon Dynasty,12
587,Discover the Impossible,$0.50,"NM-Mint, Japanese",Kamigawa: Neon Dynasty,30
588,Cloudsteel Kirin,$0.50,"NM-Mint, Japanese",Kamigawa: Neon Dynasty,14
589,Anchor to Reality,$0.50,"NM-Mint, Japanese",Kamigawa: Neon Dynasty,34
590,Essence Capture,$0.50,"NM-Mint, Japanese",Kamigawa: Neon Dynasty,35
591,Essence Capture - Foil,$0.50,"NM-Mint, Japanese",Kamigawa: Neon Dynasty,2
592,Invoke the Winds,$0.50,"NM-Mint, Japanese",Kamigawa: Neon Dynasty,25
593,Go-Shintai of Hidden Cruelty,$0.50,"NM-Mint, Japanese",Kamigawa: Neon Dynasty,39
594,Go-Shintai of Hidden Cruelty - Foil,$0.50,"NM-Mint, Japanese",Kamigawa: Neon Dynasty,2
595,Acquisition Octopus,$0.50,"NM-Mint, Japanese",Kamigawa: Neon Dynasty,15
596,Acquisition Octopus - Foil,$0.50,"NM-Mint, Japanese",Kamigawa: Neon Dynasty,4
597,March of Burgeoning Life,$0.50,"NM-Mint, Japanese",Kamigawa: Neon Dynasty,15
598,Coiling Stalker - Foil - Showcase,$0.50,"NM-Mint, Japanese",Kamigawa: Neon Dynasty,4
599,Blade-Blizzard Kitsune,$0.50,"NM-Mint, Japanese",Kamigawa: Neon Dynasty,22
600,Blade-Blizzard Kitsune - Foil,$0.50,"NM-Mint, Japanese",Kamigawa: Neon Dynasty,3
601,Blade-Blizzard Kitsune - Showcase,$0.50,"NM-Mint, Japanese",Kamigawa: Neon Dynasty,13
602,Blade-Blizzard Kitsune - Foil - Showcase,$0.50,"NM-Mint, Japanese",Kamigawa: Neon Dynasty,3
603,Eiganjo Exemplar - Foil,$0.50,"NM-Mint, Japanese",Kamigawa: Neon Dynasty,11
604,Inventive Iteration // Living Breakthrough,$0.50,"NM-Mint, Japanese",Kamigawa: Neon Dynasty,15
605,Go-Shintai of Lost Wisdom,$0.50,"NM-Mint, Japanese",Kamigawa: Neon Dynasty,37
606,Go-Shintai of Lost Wisdom - Foil,$0.50,"NM-Mint, Japanese",Kamigawa: Neon Dynasty,3
607,Gravelighter,$0.50,"NM-Mint, Japanese",Kamigawa: Neon Dynasty,37
608,Dragonspark Reactor,$0.50,"NM-Mint, Japanese",Kamigawa: Neon Dynasty,27
609,Dragonspark Reactor - Foil,$0.50,"NM-Mint, Japanese",Kamigawa: Neon Dynasty,1
610,Flame Discharge,$0.50,"NM-Mint, Japanese",Kamigawa: Neon Dynasty,29
611,Flame Discharge - Foil,$0.50,"NM-Mint, Japanese",Kamigawa: Neon Dynasty,6
612,Akki Ronin - Foil,$0.50,"NM-Mint, Japanese",Kamigawa: Neon Dynasty,8
613,Kami of Industry,$0.50,"NM-Mint, Japanese",Kamigawa: Neon Dynasty,32
614,Kami of Industry - Foil,$0.50,"NM-Mint, Japanese",Kamigawa: Neon Dynasty,6
615,"Kotose, the Silent Spider",$0.50,"NM-Mint, Japanese",Kamigawa: Neon Dynasty,20
616,Seven-Tail Mentor - Foil,$0.50,"NM-Mint, Japanese",Kamigawa: Neon Dynasty,6
617,Seven-Tail Mentor - Foil - Showcase,$0.50,"NM-Mint, Japanese",Kamigawa: Neon Dynasty,5
618,Selfless Samurai,$0.50,"NM-Mint, Japanese",Kamigawa: Neon Dynasty,19
619,Selfless Samurai - Foil,$0.50,"NM-Mint, Japanese",Kamigawa: Neon Dynasty,3
620,Sky-Blessed Samurai,$0.50,"NM-Mint, Japanese",Kamigawa: Neon Dynasty,23
621,Sky-Blessed Samurai - Foil,$0.50,"NM-Mint, Japanese",Kamigawa: Neon Dynasty,5
622,Network Disruptor,$0.50,"NM-Mint, Japanese",Kamigawa: Neon Dynasty,25
623,Network Disruptor - Foil,$0.50,"NM-Mint, Japanese",Kamigawa: Neon Dynasty,7
624,Prosperous Thief,$0.50,"NM-Mint, Japanese",Kamigawa: Neon Dynasty,34
625,Prosperous Thief - Foil,$0.50,"NM-Mint, Japanese",Kamigawa: Neon Dynasty,2
626,Saiba Trespassers,$0.50,"NM-Mint, Japanese",Kamigawa: Neon Dynasty,24
627,Saiba Trespassers - Foil,$0.50,"NM-Mint, Japanese",Kamigawa: Neon Dynasty,7
628,Thirst for Knowledge,$0.50,"NM-Mint, Japanese",Kamigawa: Neon Dynasty,37
629,Thirst for Knowledge - Foil,$0.50,"NM-Mint, Japanese",Kamigawa: Neon Dynasty,2
630,Soul Transfer,$0.50,"NM-Mint, Japanese",Kamigawa: Neon Dynasty,16
631,You Are Already Dead,$0.50,"NM-Mint, Japanese",Kamigawa: Neon Dynasty,23
632,Reito Sentinel,$0.50,"NM-Mint, Japanese",Kamigawa: Neon Dynasty,1
633,Reito Sentinel - Foil,$0.50,"NM-Mint, Japanese",Kamigawa: Neon Dynasty,3
634,Selfless Samurai - Showcase,$0.50,"NM-Mint, Japanese",Kamigawa: Neon Dynasty,29
635,Selfless Samurai - Foil - Showcase,$0.50,"NM-Mint, Japanese",Kamigawa: Neon Dynasty,2
636,Sky-Blessed Samurai - Showcase,$0.50,"NM-Mint, Japanese",Kamigawa: Neon Dynasty,30
637,Sky-Blessed Samurai - Foil - Showcase,$0.50,"NM-Mint, Japanese",Kamigawa: Neon Dynasty,1
638,Prosperous Thief - Showcase,$0.50,"NM-Mint, Japanese",Kamigawa: Neon Dynasty,20
639,When We Were Young,$0.50,"NM-Mint, Japanese",Kamigawa: Neon Dynasty,22
640,When We Were Young - Foil,$0.50,"NM-Mint, Japanese",Kamigawa: Neon Dynasty,6
641,Replication Specialist,$0.50,"NM-Mint, Japanese",Kamigawa: Neon Dynasty,32
642,Replication Specialist - Foil,$0.50,"NM-Mint, Japanese",Kamigawa: Neon Dynasty,6
643,Mech Hangar,$0.50,"NM-Mint, Japanese",Kamigawa: Neon Dynasty,33
644,Mech Hangar - Foil,$0.50,"NM-Mint, Japanese",Kamigawa: Neon Dynasty,2
645,Touch the Spirit Realm,$0.50,"NM-Mint, Japanese",Kamigawa: Neon Dynasty,12
646,Mindlink Mech,$0.50,"NM-Mint, Japanese",Kamigawa: Neon Dynasty,21
647,Mukotai Soulripper - Showcase,$0.50,"NM-Mint, Japanese",Kamigawa: Neon Dynasty,4
648,Unforgiving One - Foil,$0.50,"NM-Mint, Japanese",Kamigawa: Neon Dynasty,4
649,Spring-Leaf Avenger,$0.50,"NM-Mint, Japanese",Kamigawa: Neon Dynasty,19
650,"Risona, Asari Commander",$0.50,"NM-Mint, Japanese",Kamigawa: Neon Dynasty,21
651,Towashi Guide-Bot - Foil,$0.50,"NM-Mint, Japanese",Kamigawa: Neon Dynasty,2
652,Roadside Reliquary,$0.50,"NM-Mint, Japanese",Kamigawa: Neon Dynasty,17
653,Dragonfly Suit - Foil,$0.50,"NM-Mint, Japanese",Kamigawa: Neon Dynasty,4
654,Golden-Tail Disciple - Foil,$0.50,"NM-Mint, Japanese",Kamigawa: Neon Dynasty,9
655,Imperial Oath - Foil,$0.50,"NM-Mint, Japanese",Kamigawa: Neon Dynasty,4
656,Imperial Recovery Unit,$0.50,"NM-Mint, Japanese",Kamigawa: Neon Dynasty,18
657,Disruption Protocol,$0.50,"NM-Mint, Japanese",Kamigawa: Neon Dynasty,24
658,Disruption Protocol - Foil,$0.50,"NM-Mint, Japanese",Kamigawa: Neon Dynasty,7
659,Futurist Sentinel,$0.50,"NM-Mint, Japanese",Kamigawa: Neon Dynasty,25
660,Futurist Sentinel - Foil,$0.50,"NM-Mint, Japanese",Kamigawa: Neon Dynasty,5
661,Chainflail Centipede - Foil,$0.50,"NM-Mint, Japanese",Kamigawa: Neon Dynasty,7
662,Clawing Torment - Foil,$0.50,"NM-Mint, Japanese",Kamigawa: Neon Dynasty,6
663,Ambitious Assault - Foil,$0.50,"NM-Mint, Japanese",Kamigawa: Neon Dynasty,10
664,Crackling Emergence - Foil,$0.50,"NM-Mint, Japanese",Kamigawa: Neon Dynasty,9
665,Explosive Entry - Foil,$0.50,"NM-Mint, Japanese",Kamigawa: Neon Dynasty,7
666,Gift of Wrath - Foil,$0.50,"NM-Mint, Japanese",Kamigawa: Neon Dynasty,7
667,Bearer of Memory - Foil,$0.50,"NM-Mint, Japanese",Kamigawa: Neon Dynasty,7
668,Blossom Prancer - Foil,$0.50,"NM-Mint, Japanese",Kamigawa: Neon Dynasty,3
669,Boon of Boseiju - Foil,$0.50,"NM-Mint, Japanese",Kamigawa: Neon Dynasty,1
670,Careful Cultivation,$0.50,"NM-Mint, Japanese",Kamigawa: Neon Dynasty,23
671,Careful Cultivation - Foil,$0.50,"NM-Mint, Japanese",Kamigawa: Neon Dynasty,5
672,Fade into Antiquity - Foil,$0.50,"NM-Mint, Japanese",Kamigawa: Neon Dynasty,8
673,Favor of Jukai - Foil,$0.50,"NM-Mint, Japanese",Kamigawa: Neon Dynasty,7
674,Go-Shintai of Boundless Vigor - Foil,$0.50,"NM-Mint, Japanese",Kamigawa: Neon Dynasty,2
675,Grafted Growth - Foil,$0.50,"NM-Mint, Japanese",Kamigawa: Neon Dynasty,8
676,Harmonious Emergence - Foil,$0.50,"NM-Mint, Japanese",Kamigawa: Neon Dynasty,6
677,Colossal Skyturtle,$0.50,"NM-Mint, Japanese",Kamigawa: Neon Dynasty,23
678,Automated Artificer - Foil,$0.50,"NM-Mint, Japanese",Kamigawa: Neon Dynasty,7
679,Bronze Cudgels - Foil,$0.50,"NM-Mint, Japanese",Kamigawa: Neon Dynasty,4
680,Brute Suit - Foil,$0.50,"NM-Mint, Japanese",Kamigawa: Neon Dynasty,4
681,Dramatist's Puppet - Foil,$0.50,"NM-Mint, Japanese",Kamigawa: Neon Dynasty,9
682,Eater of Virtue,$0.50,"NM-Mint, Japanese",Kamigawa: Neon Dynasty,10
683,Ecologist's Terrarium - Foil,$0.50,"NM-Mint, Japanese",Kamigawa: Neon Dynasty,8
684,Bloodfell Caves - Foil,$0.50,"NM-Mint, Japanese",Kamigawa: Neon Dynasty,11
685,Blossoming Sands - Foil,$0.50,"NM-Mint, Japanese",Kamigawa: Neon Dynasty,12
686,Dismal Backwater - Foil,$0.50,"NM-Mint, Japanese",Kamigawa: Neon Dynasty,12
687,Eiganjo Exemplar - Foil - Showcase,$0.50,"NM-Mint, Japanese",Kamigawa: Neon Dynasty,3
688,Akki Ronin - Foil - Showcase,$0.50,"NM-Mint, Japanese",Kamigawa: Neon Dynasty,4
689,Imperial Recovery Unit - Foil,$0.50,"NM-Mint, Japanese",Kamigawa: Neon Dynasty,5
690,Intercessor's Arrest - Foil,$0.50,"NM-Mint, Japanese",Kamigawa: Neon Dynasty,9
691,Kitsune Ace - Foil,$0.50,"NM-Mint, Japanese",Kamigawa: Neon Dynasty,7
692,Lucky Offering - Foil,$0.50,"NM-Mint, Japanese",Kamigawa: Neon Dynasty,12
693,Mothrider Patrol - Foil,$0.50,"NM-Mint, Japanese",Kamigawa: Neon Dynasty,8
694,Mnemonic Sphere,$0.50,"NM-Mint, Japanese",Kamigawa: Neon Dynasty,19
695,Mnemonic Sphere - Foil,$0.50,"NM-Mint, Japanese",Kamigawa: Neon Dynasty,10
696,Moonfolk Puzzlemaker,$0.50,"NM-Mint, Japanese",Kamigawa: Neon Dynasty,23
697,Moonfolk Puzzlemaker - Foil,$0.50,"NM-Mint, Japanese",Kamigawa: Neon Dynasty,7
698,Moonsnare Specialist,$0.50,"NM-Mint, Japanese",Kamigawa: Neon Dynasty,30
699,Moonsnare Specialist - Foil,$0.50,"NM-Mint, Japanese",Kamigawa: Neon Dynasty,7
700,Kaito's Pursuit - Foil,$0.50,"NM-Mint, Japanese",Kamigawa: Neon Dynasty,6
701,Kami of Restless Shadows - Foil,$0.50,"NM-Mint, Japanese",Kamigawa: Neon Dynasty,10
702,Kami of Terrible Secrets - Foil,$0.50,"NM-Mint, Japanese",Kamigawa: Neon Dynasty,10
703,Okiba Salvage - Foil,$0.50,"NM-Mint, Japanese",Kamigawa: Neon Dynasty,6
704,Ironhoof Boar - Foil,$0.50,"NM-Mint, Japanese",Kamigawa: Neon Dynasty,7
705,Kami's Flare,$0.50,"NM-Mint, Japanese",Kamigawa: Neon Dynasty,1
706,Kami's Flare - Foil,$0.50,"NM-Mint, Japanese",Kamigawa: Neon Dynasty,6
707,Kindled Fury - Foil,$0.50,"NM-Mint, Japanese",Kamigawa: Neon Dynasty,7
708,Kumano Faces Kakkazan // Etching of Kumano,$0.50,"NM-Mint, Japanese",Kamigawa: Neon Dynasty,27
709,Ogre-Head Helm,$0.50,"NM-Mint, Japanese",Kamigawa: Neon Dynasty,22
710,Invoke the Ancients,$0.50,"NM-Mint, Japanese",Kamigawa: Neon Dynasty,17
711,Jukai Preserver - Foil,$0.50,"NM-Mint, Japanese",Kamigawa: Neon Dynasty,10
712,Master's Rebuke - Foil,$0.50,"NM-Mint, Japanese",Kamigawa: Neon Dynasty,8
713,Invigorating Hot Spring,$0.50,"NM-Mint, Japanese",Kamigawa: Neon Dynasty,41
714,Ninja's Kunai - Foil,$0.50,"NM-Mint, Japanese",Kamigawa: Neon Dynasty,7
715,Jungle Hollow - Foil,$0.50,"NM-Mint, Japanese",Kamigawa: Neon Dynasty,8
716,Jukai Trainee - Foil - Showcase,$0.50,"NM-Mint, Japanese",Kamigawa: Neon Dynasty,4
717,Moonsnare Specialist - Showcase,$0.50,"NM-Mint, Japanese",Kamigawa: Neon Dynasty,45
718,Moonsnare Specialist - Foil - Showcase,$0.50,"NM-Mint, Japanese",Kamigawa: Neon Dynasty,4
719,Regent's Authority - Foil,$0.50,"NM-Mint, Japanese",Kamigawa: Neon Dynasty,10
720,Repel the Vile - Foil,$0.50,"NM-Mint, Japanese",Kamigawa: Neon Dynasty,10
721,Wanderer's Intervention - Foil,$0.50,"NM-Mint, Japanese",Kamigawa: Neon Dynasty,6
722,Planar Incision,$0.50,"NM-Mint, Japanese",Kamigawa: Neon Dynasty,26
723,Planar Incision - Foil,$0.50,"NM-Mint, Japanese",Kamigawa: Neon Dynasty,9
724,Short Circuit - Foil,$0.50,"NM-Mint, Japanese",Kamigawa: Neon Dynasty,7
725,Skyswimmer Koi,$0.50,"NM-Mint, Japanese",Kamigawa: Neon Dynasty,23
726,Skyswimmer Koi - Foil,$0.50,"NM-Mint, Japanese",Kamigawa: Neon Dynasty,6