Product,Price,Condition,Set,Link
Metalworker,$139.99,"Moderate Play, Japanese",Urza's Destiny,https://www.mtgpirulo.com/products/search?q=Metalworker
Time Spiral,$167.10,"NM-Mint, Japanese",Urza's Saga,https://www.mtgpirulo.com/products/search?q=Time Spiral
Time Spiral,$150.39,"Light Play, Japanese",Urza's Saga,https://www.mtgpirulo.com/products/search?q=Time Spiral
Overwhelming Forces,$135.00,"Light Play, Japanese",Portal 3 Kingdoms,https://www.mtgpirulo.com/products/search?q=Overwhelming Forces
"Eladamri, Lord of Leaves",$71.20,"NM-Mint, Japanese",Tempest,"https://www.mtgpirulo.com/products/search?q=Eladamri, Lord of Leaves"
"Boseiju, Who Endures - Foil - Borderless",$127.40,"NM-Mint, Japanese",Kamigawa: Neon Dynasty,"https://www.mtgpirulo.com/products/search?q=Boseiju, Who Endures - Foil - Borderless"
Memory Jar,$57.60,"NM-Mint, Japanese",Urza's Legacy,https://www.mtgpirulo.com/products/search?q=Memory Jar
Memory Jar,$51.84,"Light Play, Japanese",Urza's Legacy,https://www.mtgpirulo.com/products/search?q=Memory Jar
Memory Jar,$46.08,"Moderate Play, Japanese",Urza's Legacy,https://www.mtgpirulo.com/products/search?q=Memory Jar
Greater Auramancy,$44.00,"Moderate Play, Japanese",Shadowmoor,https://www.mtgpirulo.com/products/search?q=Greater Auramancy
Glacial Fortress - Foil Foreign,$44.10,"NM-Mint, Japanese",Magic 2010,https://www.mtgpirulo.com/products/search?q=Glacial Fortress - Foil Foreign
Breeding Pool - Foil,$42.50,"NM-Mint, Japanese",Gatecrash,https://www.mtgpirulo.com/products/search?q=Breeding Pool - Foil
"Rofellos, Llanowar Emissary",$41.50,"NM-Mint, Japanese",Urza's Destiny,"https://www.mtgpirulo.com/products/search?q=Rofellos, Llanowar Emissary"
"Rofellos, Llanowar Emissary",$37.35,"Light Play, Japanese",Urza's Destiny,"https://www.mtgpirulo.com/products/search?q=Rofellos, Llanowar Emissary"
Finale of Devastation,$40.00,"NM-Mint, Japanese",War of the Spark,https://www.mtgpirulo.com/products/search?q=Finale of Devastation
Cover of Darkness,$35.00,"NM-Mint, Japanese",Onslaught,https://www.mtgpirulo.com/products/search?q=Cover of Darkness
Inkmoth Nexus,$33.00,"NM-Mint, Japanese",Mirrodin Besieged,https://www.mtgpirulo.com/products/search?q=Inkmoth Nexus
Spell Queller - Foil Foreign,$30.24,"NM-Mint, Japanese",Eldritch moon,https://www.mtgpirulo.com/products/search?q=Spell Queller - Foil Foreign
Sliver Legion,$30.00,"NM-Mint, Japanese",Future Sight,https://www.mtgpirulo.com/products/search?q=Sliver Legion
"Ink-Eyes, Servant of Oni",$30.00,"NM-Mint, Japanese",Planechase 2012,"https://www.mtgpirulo.com/products/search?q=Ink-Eyes, Servant of Oni"
Izzet Staticaster - Foil Foreign,$25.20,"NM-Mint, Japanese",Return to Ravnica,https://www.mtgpirulo.com/products/search?q=Izzet Staticaster - Foil Foreign
Krosan Grip - Foil Foreign,$27.50,"NM-Mint, Japanese",Time Spiral,https://www.mtgpirulo.com/products/search?q=Krosan Grip - Foil Foreign
Krosan Grip - Foil Foreign,$22.50,"Light Play, Japanese",Time Spiral,https://www.mtgpirulo.com/products/search?q=Krosan Grip - Foil Foreign
Krosan Grip - Foil Foreign,$20.00,"Moderate Play, Japanese",Time Spiral,https://www.mtgpirulo.com/products/search?q=Krosan Grip - Foil Foreign
Steelshaper's Gift,$22.50,"Light Play, Japanese",Fifth Dawn,https://www.mtgpirulo.com/products/search?q=Steelshaper's Gift
Tarnished Citadel,$22.50,"Light Play, Japanese",Odyssey,https://www.mtgpirulo.com/products/search?q=Tarnished Citadel
"Gisela, the Broken Blade // Brisela, Voice of Nightmares",$25.00,"NM-Mint, Japanese",Eldritch moon,"https://www.mtgpirulo.com/products/search?q=Gisela, the Broken Blade // Brisela, Voice of Nightmares"
Crucible of Worlds,$25.00,"NM-Mint, Japanese",Core Set 2019,https://www.mtgpirulo.com/products/search?q=Crucible of Worlds
Serra Ascendant,$23.00,"NM-Mint, Japanese",Magic 2011,https://www.mtgpirulo.com/products/search?q=Serra Ascendant
Thragtusk - Foil Foreign,$20.16,"NM-Mint, Japanese",Magic 2013,https://www.mtgpirulo.com/products/search?q=Thragtusk - Foil Foreign
Darksteel Forge,$18.00,"Light Play, Japanese",Darksteel,https://www.mtgpirulo.com/products/search?q=Darksteel Forge
Test of Endurance,$20.00,"NM-Mint, Japanese",Judgment,https://www.mtgpirulo.com/products/search?q=Test of Endurance
Bloodchief Ascension,$20.00,"NM-Mint, Japanese",Zendikar,https://www.mtgpirulo.com/products/search?q=Bloodchief Ascension
"Elesh Norn, Grand Cenobite",$18.00,"Light Play, Japanese",New Phyrexia,"https://www.mtgpirulo.com/products/search?q=Elesh Norn, Grand Cenobite"
Exquisite Blood,$20.00,"NM-Mint, Japanese",Avacyn Restored,https://www.mtgpirulo.com/products/search?q=Exquisite Blood
Lord of the Void,$20.00,"NM-Mint, Japanese",Gatecrash,https://www.mtgpirulo.com/products/search?q=Lord of the Void
Dack Fayden,$18.00,"Light Play, Japanese",Conspiracy,https://www.mtgpirulo.com/products/search?q=Dack Fayden
"Liliana, Dreadhorde General",$20.00,"NM-Mint, Japanese",War of the Spark,"https://www.mtgpirulo.com/products/search?q=Liliana, Dreadhorde General"
"Narset, Parter of Veils - Japanese Alternate Art",$20.00,"NM-Mint, Japanese",War of the Spark,"https://www.mtgpirulo.com/products/search?q=Narset, Parter of Veils - Japanese Alternate Art"
Go-Shintai of Life's Origin - Foil,$19.50,"NM-Mint, Japanese",Commander: Kamigawa: Neon Dynasty,https://www.mtgpirulo.com/products/search?q=Go-Shintai of Life's Origin - Foil
Mutagenic Growth - Foil Foreign,$19.00,"NM-Mint, Japanese",New Phyrexia,https://www.mtgpirulo.com/products/search?q=Mutagenic Growth - Foil Foreign
Empress Galina,$16.20,"Light Play, Japanese",Invasion,https://www.mtgpirulo.com/products/search?q=Empress Galina
Lighthouse Chronologist,$18.00,"NM-Mint, Japanese",Rise of the Eldrazi,https://www.mtgpirulo.com/products/search?q=Lighthouse Chronologist
Khalni Hydra,$18.00,"NM-Mint, Japanese",Rise of the Eldrazi,https://www.mtgpirulo.com/products/search?q=Khalni Hydra
Void Winnower,$18.00,"NM-Mint, Japanese",Battle for Zendikar,https://www.mtgpirulo.com/products/search?q=Void Winnower
Gurmag Angler - Foil Foreign,$19.55,"NM-Mint, Japanese",Fate Reforged,https://www.mtgpirulo.com/products/search?q=Gurmag Angler - Foil Foreign
Hive Mind - Foil Foreign,$16.19,"NM-Mint, Japanese",Magic 2010,https://www.mtgpirulo.com/products/search?q=Hive Mind - Foil Foreign
"Brimaz, King of Oreskos",$16.00,"NM-Mint, Japanese",Born of the Gods,"https://www.mtgpirulo.com/products/search?q=Brimaz, King of Oreskos"
Relentless Dead,$15.00,"NM-Mint, Japanese",Shadows Over Innistrad,https://www.mtgpirulo.com/products/search?q=Relentless Dead
Primordial Hydra,$14.00,"NM-Mint, Japanese",Magic 2013,https://www.mtgpirulo.com/products/search?q=Primordial Hydra
Firestorm,$13.70,"NM-Mint, Japanese",Weatherlight,https://www.mtgpirulo.com/products/search?q=Firestorm
Firestorm,$12.33,"Light Play, Japanese",Weatherlight,https://www.mtgpirulo.com/products/search?q=Firestorm
Liliana Vess - Foil,$13.60,"NM-Mint, Japanese",Magic 2010,https://www.mtgpirulo.com/products/search?q=Liliana Vess - Foil
Emerald Medallion,$11.70,"Light Play, Japanese",Tempest,https://www.mtgpirulo.com/products/search?q=Emerald Medallion
Angel of Jubilation,$13.00,"NM-Mint, Japanese",Avacyn Restored,https://www.mtgpirulo.com/products/search?q=Angel of Jubilation
Rise of the Dark Realms,$13.00,"NM-Mint, Japanese",Magic 2014,https://www.mtgpirulo.com/products/search?q=Rise of the Dark Realms
Swan Song,$13.00,"NM-Mint, Japanese",Theros,https://www.mtgpirulo.com/products/search?q=Swan Song
"Phenax, God of Deception",$13.00,"NM-Mint, Japanese",Born of the Gods,"https://www.mtgpirulo.com/products/search?q=Phenax, God of Deception"
Swan Song,$13.00,"NM-Mint, Japanese",Commander 2016,https://www.mtgpirulo.com/products/search?q=Swan Song
Kalonian Hydra,$12.99,"NM-Mint, Japanese",Commander 2016,https://www.mtgpirulo.com/products/search?q=Kalonian Hydra
Kalonian Hydra,$11.69,"Light Play, Japanese",Commander 2016,https://www.mtgpirulo.com/products/search?q=Kalonian Hydra
Basilisk Collar - Foil,$11.43,"Light Play, Japanese",Worldwake,https://www.mtgpirulo.com/products/search?q=Basilisk Collar - Foil
Blighted Agent - Foil,$12.70,"NM-Mint, Japanese",New Phyrexia,https://www.mtgpirulo.com/products/search?q=Blighted Agent - Foil
Traverse the Ulvenwald - Foil,$18.00,"NM-Mint, Japanese",Shadows Over Innistrad,https://www.mtgpirulo.com/products/search?q=Traverse the Ulvenwald - Foil
Temporal Extortion,$12.00,"NM-Mint, Japanese",Planar Chaos,https://www.mtgpirulo.com/products/search?q=Temporal Extortion
Shield of Kaldra,$12.00,"NM-Mint, Japanese",Darksteel,https://www.mtgpirulo.com/products/search?q=Shield of Kaldra
Nissa Revane,$12.00,"NM-Mint, Japanese",Zendikar,https://www.mtgpirulo.com/products/search?q=Nissa Revane
Birds of Paradise,$12.00,"NM-Mint, Japanese",Magic 2012,https://www.mtgpirulo.com/products/search?q=Birds of Paradise
"Erebos, God of the Dead",$12.00,"NM-Mint, Japanese",Theros,"https://www.mtgpirulo.com/products/search?q=Erebos, God of the Dead"
"Thassa, God of the Sea",$12.00,"NM-Mint, Japanese",Theros,"https://www.mtgpirulo.com/products/search?q=Thassa, God of the Sea"
"Nicol Bolas, Dragon-God",$12.00,"NM-Mint, Japanese",War of the Spark,"https://www.mtgpirulo.com/products/search?q=Nicol Bolas, Dragon-God"
Beledros Witherbloom,$12.00,"NM-Mint, Japanese",Strixhaven: School of Mages,https://www.mtgpirulo.com/products/search?q=Beledros Witherbloom
"Jin-Gitaxias, Progress Tyrant",$12.00,"NM-Mint, Japanese",Kamigawa: Neon Dynasty,"https://www.mtgpirulo.com/products/search?q=Jin-Gitaxias, Progress Tyrant"
Spark Double,$11.99,"NM-Mint, Japanese",War of the Spark,https://www.mtgpirulo.com/products/search?q=Spark Double
Nature's Claim - Foil,$11.00,"NM-Mint, Japanese",Worldwake,https://www.mtgpirulo.com/products/search?q=Nature's Claim - Foil
Mind Stone - Gateway Foil,$9.90,"Light Play, Japanese",Unique & Misc Promos,https://www.mtgpirulo.com/products/search?q=Mind Stone - Gateway Foil
Syphon Sliver,$11.00,"NM-Mint, Japanese",Magic 2014,https://www.mtgpirulo.com/products/search?q=Syphon Sliver
"Mogis, God of Slaughter",$11.00,"NM-Mint, Japanese",Born of the Gods,"https://www.mtgpirulo.com/products/search?q=Mogis, God of Slaughter"
Life from the Loam,$9.90,"Light Play, Japanese",Duel Decks: Izzet vs Golgari,https://www.mtgpirulo.com/products/search?q=Life from the Loam
God-Eternal Rhonas - Foil,$10.20,"NM-Mint, Japanese",War of the Spark,https://www.mtgpirulo.com/products/search?q=God-Eternal Rhonas - Foil
Wheel and Deal,$10.00,"NM-Mint, Japanese",Onslaught,https://www.mtgpirulo.com/products/search?q=Wheel and Deal
Attrition,$8.00,"Moderate Play, Japanese",Urza's Destiny,https://www.mtgpirulo.com/products/search?q=Attrition
Roil Elemental,$9.00,"Light Play, Japanese",Zendikar,https://www.mtgpirulo.com/products/search?q=Roil Elemental
"Venser, the Sojourner",$9.00,"Light Play, Japanese",Scars of Mirrodin,"https://www.mtgpirulo.com/products/search?q=Venser, the Sojourner"
Gilded Lotus - Foil,$10.00,"NM-Mint, Japanese",Magic 2013,https://www.mtgpirulo.com/products/search?q=Gilded Lotus - Foil
Crypt Ghast,$10.00,"NM-Mint, Japanese",Gatecrash,https://www.mtgpirulo.com/products/search?q=Crypt Ghast
"Elspeth, Sun's Champion",$10.00,"NM-Mint, Japanese",Theros,"https://www.mtgpirulo.com/products/search?q=Elspeth, Sun's Champion"
"Ajani, Mentor of Heroes",$10.00,"NM-Mint, Japanese",Journey into Nyx,"https://www.mtgpirulo.com/products/search?q=Ajani, Mentor of Heroes"
Primal Command - Foil - Japanese Alternate Art,$10.00,"NM-Mint, Japanese",Strixhaven: Mystical Archives,https://www.mtgpirulo.com/products/search?q=Primal Command - Foil - Japanese Alternate Art
Platinum Angel,$7.20,"Moderate Play, Japanese",Mirrodin,https://www.mtgpirulo.com/products/search?q=Platinum Angel
Skyshroud Poacher,$9.00,"NM-Mint, Japanese",Nemesis,https://www.mtgpirulo.com/products/search?q=Skyshroud Poacher
Skyshroud Poacher,$8.10,"Light Play, Japanese",Nemesis,https://www.mtgpirulo.com/products/search?q=Skyshroud Poacher
Forced Fruition,$9.00,"NM-Mint, Japanese",Lorwyn,https://www.mtgpirulo.com/products/search?q=Forced Fruition
Liliana Vess,$9.00,"NM-Mint, Japanese",Magic 2011,https://www.mtgpirulo.com/products/search?q=Liliana Vess
Bonescythe Sliver,$9.00,"NM-Mint, Japanese",Magic 2014,https://www.mtgpirulo.com/products/search?q=Bonescythe Sliver
Inventors' Fair,$9.00,"NM-Mint, Japanese",Kaladesh,https://www.mtgpirulo.com/products/search?q=Inventors' Fair
Might of Old Krosa - Foil,$8.00,"NM-Mint, Japanese",Time Spiral,https://www.mtgpirulo.com/products/search?q=Might of Old Krosa - Foil
Fervent Charge,$7.20,"Light Play, Japanese",Apocalypse,https://www.mtgpirulo.com/products/search?q=Fervent Charge
Eternity Vessel,$8.00,"NM-Mint, Japanese",Zendikar,https://www.mtgpirulo.com/products/search?q=Eternity Vessel
Blind Obedience,$8.00,"NM-Mint, Japanese",Gatecrash,https://www.mtgpirulo.com/products/search?q=Blind Obedience
Blind Obedience,$7.20,"Light Play, Japanese",Gatecrash,https://www.mtgpirulo.com/products/search?q=Blind Obedience
Dragonlord Kolaghan,$8.00,"NM-Mint, Japanese",Dragons of Tarkir,https://www.mtgpirulo.com/products/search?q=Dragonlord Kolaghan
Wastes (184) (Full Art) - Foil,$8.00,"NM-Mint, Japanese",Oath of the Gatewatch,https://www.mtgpirulo.com/products/search?q=Wastes (184) (Full Art) - Foil
Blatant Thievery,$7.20,"Light Play, Japanese",Commander 2015,https://www.mtgpirulo.com/products/search?q=Blatant Thievery
"Westvale Abbey // Ormendahl, Profane Prince",$8.00,"NM-Mint, Japanese",Shadows Over Innistrad,"https://www.mtgpirulo.com/products/search?q=Westvale Abbey // Ormendahl, Profane Prince"
"Tamiyo, Field Researcher",$8.00,"NM-Mint, Japanese",Eldritch moon,"https://www.mtgpirulo.com/products/search?q=Tamiyo, Field Researcher"
"Ilharg, the Raze-Boar",$8.00,"NM-Mint, Japanese",War of the Spark,"https://www.mtgpirulo.com/products/search?q=Ilharg, the Raze-Boar"
God-Eternal Oketra,$8.00,"NM-Mint, Japanese",War of the Spark,https://www.mtgpirulo.com/products/search?q=God-Eternal Oketra
"Omnath, Locus of the Roil",$8.00,"NM-Mint, Japanese",Core Set 2020,"https://www.mtgpirulo.com/products/search?q=Omnath, Locus of the Roil"
Blind Obedience,$7.99,"NM-Mint, Japanese",Commander 2017,https://www.mtgpirulo.com/products/search?q=Blind Obedience
Inexorable Tide,$7.00,"NM-Mint, Japanese",Scars of Mirrodin,https://www.mtgpirulo.com/products/search?q=Inexorable Tide
Black Sun's Zenith,$7.00,"NM-Mint, Japanese",Mirrodin Besieged,https://www.mtgpirulo.com/products/search?q=Black Sun's Zenith
Primeval Titan,$6.30,"Light Play, Japanese",Magic 2012,https://www.mtgpirulo.com/products/search?q=Primeval Titan
"Garruk, Caller of Beasts",$7.00,"NM-Mint, Japanese",Magic 2014,"https://www.mtgpirulo.com/products/search?q=Garruk, Caller of Beasts"
Sanctum of Ugin - Foil,$7.00,"NM-Mint, Japanese",Battle for Zendikar,https://www.mtgpirulo.com/products/search?q=Sanctum of Ugin - Foil
Inexorable Tide,$7.00,"NM-Mint, Japanese",Modern Masters 2015,https://www.mtgpirulo.com/products/search?q=Inexorable Tide
Ophiomancer,$7.00,"NM-Mint, Japanese",Commander 2013,https://www.mtgpirulo.com/products/search?q=Ophiomancer
Collective Voyage,$7.00,"NM-Mint, Japanese",Commander 2016,https://www.mtgpirulo.com/products/search?q=Collective Voyage
Hungry Lynx,$7.00,"NM-Mint, Japanese",Commander 2017,https://www.mtgpirulo.com/products/search?q=Hungry Lynx
God-Eternal Rhonas,$7.00,"NM-Mint, Japanese",War of the Spark,https://www.mtgpirulo.com/products/search?q=God-Eternal Rhonas
Cryptic Gateway,$6.00,"NM-Mint, Japanese",Onslaught,https://www.mtgpirulo.com/products/search?q=Cryptic Gateway
Dusk Urchins,$6.00,"NM-Mint, Japanese",Shadowmoor,https://www.mtgpirulo.com/products/search?q=Dusk Urchins
Dusk Urchins,$5.40,"Light Play, Japanese",Shadowmoor,https://www.mtgpirulo.com/products/search?q=Dusk Urchins
Vexing Shusher,$6.00,"NM-Mint, Japanese",Shadowmoor,https://www.mtgpirulo.com/products/search?q=Vexing Shusher
Whip of Erebos,$6.00,"NM-Mint, Japanese",Theros,https://www.mtgpirulo.com/products/search?q=Whip of Erebos
Forbidden Orchard,$6.00,"NM-Mint, Japanese",Commander 2016,https://www.mtgpirulo.com/products/search?q=Forbidden Orchard
"Jace, Wielder of Mysteries",$6.00,"NM-Mint, Japanese",War of the Spark,"https://www.mtgpirulo.com/products/search?q=Jace, Wielder of Mysteries"
God-Eternal Kefnet,$6.00,"NM-Mint, Japanese",War of the Spark,https://www.mtgpirulo.com/products/search?q=God-Eternal Kefnet
Narset's Reversal,$6.00,"NM-Mint, Japanese",War of the Spark,https://www.mtgpirulo.com/products/search?q=Narset's Reversal
Drown in Dreams - Extended Art,$6.00,"NM-Mint, Japanese",Commander: Innistrad: Midnight Hunt,https://www.mtgpirulo.com/products/search?q=Drown in Dreams - Extended Art
Go-Shintai of Life's Origin,$6.00,"NM-Mint, Japanese",Commander: Kamigawa: Neon Dynasty,https://www.mtgpirulo.com/products/search?q=Go-Shintai of Life's Origin
Eye of Singularity,$4.68,"Light Play, Japanese",Visions,https://www.mtgpirulo.com/products/search?q=Eye of Singularity
Crumble to Dust - Foil Foreign,$5.04,"NM-Mint, Japanese",Battle for Zendikar,https://www.mtgpirulo.com/products/search?q=Crumble to Dust - Foil Foreign
Mindslaver,$5.00,"NM-Mint, Japanese",Mirrodin,https://www.mtgpirulo.com/products/search?q=Mindslaver
Lethal Vapors,$5.00,"NM-Mint, Japanese",Scourge,https://www.mtgpirulo.com/products/search?q=Lethal Vapors
Surgespanner,$5.00,"NM-Mint, Japanese",Lorwyn,https://www.mtgpirulo.com/products/search?q=Surgespanner
Wanderwine Hub,$5.00,"NM-Mint, Japanese",Lorwyn,https://www.mtgpirulo.com/products/search?q=Wanderwine Hub
Wanderwine Hub,$4.00,"Moderate Play, Japanese",Lorwyn,https://www.mtgpirulo.com/products/search?q=Wanderwine Hub
Vampire Hexmage - Foil,$5.00,"NM-Mint, Japanese",Zendikar,https://www.mtgpirulo.com/products/search?q=Vampire Hexmage - Foil
Mindslaver,$4.50,"Light Play, Japanese",Scars of Mirrodin,https://www.mtgpirulo.com/products/search?q=Mindslaver
"Melira, Sylvok Outcast",$5.00,"NM-Mint, Japanese",New Phyrexia,"https://www.mtgpirulo.com/products/search?q=Melira, Sylvok Outcast"
Phyrexian Unlife,$5.00,"NM-Mint, Japanese",New Phyrexia,https://www.mtgpirulo.com/products/search?q=Phyrexian Unlife
"Nicol Bolas, Planeswalker",$5.00,"NM-Mint, Japanese",Magic 2013,"https://www.mtgpirulo.com/products/search?q=Nicol Bolas, Planeswalker"
Thundermaw Hellkite,$5.00,"NM-Mint, Japanese",Magic 2013,https://www.mtgpirulo.com/products/search?q=Thundermaw Hellkite
Thundermaw Hellkite,$4.50,"Light Play, Japanese",Magic 2013,https://www.mtgpirulo.com/products/search?q=Thundermaw Hellkite
Sunforger - Foil,$4.50,"Light Play, Japanese",Modern Masters 2015,https://www.mtgpirulo.com/products/search?q=Sunforger - Foil
Disallow,$5.00,"NM-Mint, Japanese",Aether Revolt,https://www.mtgpirulo.com/products/search?q=Disallow
Bolas's Citadel,$5.00,"NM-Mint, Japanese",War of the Spark,https://www.mtgpirulo.com/products/search?q=Bolas's Citadel
God-Eternal Bontu,$5.00,"NM-Mint, Japanese",War of the Spark,https://www.mtgpirulo.com/products/search?q=God-Eternal Bontu
"Ashiok, Nightmare Muse",$5.00,"NM-Mint, Japanese",Theros Beyond Death,"https://www.mtgpirulo.com/products/search?q=Ashiok, Nightmare Muse"
Island (296) - Foil - Japanese Full Art,$5.00,"NM-Mint, Japanese",Kamigawa: Neon Dynasty,https://www.mtgpirulo.com/products/search?q=Island (296) - Foil - Japanese Full Art
Ruthless Technomancer - Foil,$5.00,"NM-Mint, Japanese",Commander: Kamigawa: Neon Dynasty,https://www.mtgpirulo.com/products/search?q=Ruthless Technomancer - Foil
"Nissa, Who Shakes the World",$4.99,"NM-Mint, Japanese",War of the Spark,"https://www.mtgpirulo.com/products/search?q=Nissa, Who Shakes the World"
Patron Wizard,$4.00,"NM-Mint, Japanese",Odyssey,https://www.mtgpirulo.com/products/search?q=Patron Wizard
Patron Wizard,$3.20,"Moderate Play, Japanese",Odyssey,https://www.mtgpirulo.com/products/search?q=Patron Wizard
Petrified Field,$3.60,"Light Play, Japanese",Odyssey,https://www.mtgpirulo.com/products/search?q=Petrified Field
Petrified Field,$3.20,"Moderate Play, Japanese",Odyssey,https://www.mtgpirulo.com/products/search?q=Petrified Field
Tectonic Instability,$3.60,"Light Play, Japanese",Invasion,https://www.mtgpirulo.com/products/search?q=Tectonic Instability
Master of the Wild Hunt,$4.00,"NM-Mint, Japanese",Magic 2010,https://www.mtgpirulo.com/products/search?q=Master of the Wild Hunt
Groundswell - Foil,$4.00,"NM-Mint, Japanese",Worldwake,https://www.mtgpirulo.com/products/search?q=Groundswell - Foil
Coralhelm Commander,$4.00,"NM-Mint, Japanese",Rise of the Eldrazi,https://www.mtgpirulo.com/products/search?q=Coralhelm Commander
Coralhelm Commander,$3.60,"Light Play, Japanese",Rise of the Eldrazi,https://www.mtgpirulo.com/products/search?q=Coralhelm Commander
Gravitational Shift,$4.00,"NM-Mint, Japanese",Rise of the Eldrazi,https://www.mtgpirulo.com/products/search?q=Gravitational Shift
Gravitational Shift,$3.60,"Light Play, Japanese",Rise of the Eldrazi,https://www.mtgpirulo.com/products/search?q=Gravitational Shift
Traumatize,$4.00,"NM-Mint, Japanese",Magic 2011,https://www.mtgpirulo.com/products/search?q=Traumatize
Merieke Ri Berit,$4.00,"NM-Mint, Japanese",Timeshifted,https://www.mtgpirulo.com/products/search?q=Merieke Ri Berit
Havengul Lich,$4.00,"NM-Mint, Japanese",Dark Ascension,https://www.mtgpirulo.com/products/search?q=Havengul Lich
"Ajani, Caller of the Pride",$4.00,"NM-Mint, Japanese",Magic 2014,"https://www.mtgpirulo.com/products/search?q=Ajani, Caller of the Pride"
Medomai the Ageless,$4.00,"NM-Mint, Japanese",Theros,https://www.mtgpirulo.com/products/search?q=Medomai the Ageless
Soulfire Grand Master,$4.00,"NM-Mint, Japanese",Fate Reforged,https://www.mtgpirulo.com/products/search?q=Soulfire Grand Master
"Sidisi, Undead Vizier",$4.00,"NM-Mint, Japanese",Dragons of Tarkir,"https://www.mtgpirulo.com/products/search?q=Sidisi, Undead Vizier"
"Sorin, Grim Nemesis",$4.00,"NM-Mint, Japanese",Shadows Over Innistrad,"https://www.mtgpirulo.com/products/search?q=Sorin, Grim Nemesis"
Armory Automaton,$4.00,"NM-Mint, Japanese",Commander 2016,https://www.mtgpirulo.com/products/search?q=Armory Automaton
Dovin's Veto,$4.00,"NM-Mint, Japanese",War of the Spark,https://www.mtgpirulo.com/products/search?q=Dovin's Veto
Karn's Bastion,$4.00,"NM-Mint, Japanese",War of the Spark,https://www.mtgpirulo.com/products/search?q=Karn's Bastion
"Ugin, the Ineffable",$4.00,"NM-Mint, Japanese",War of the Spark,"https://www.mtgpirulo.com/products/search?q=Ugin, the Ineffable"
Blast Zone,$4.00,"NM-Mint, Japanese",War of the Spark,https://www.mtgpirulo.com/products/search?q=Blast Zone
Finale of Revelation,$4.00,"NM-Mint, Japanese",War of the Spark,https://www.mtgpirulo.com/products/search?q=Finale of Revelation
Finale of Glory,$4.00,"NM-Mint, Japanese",War of the Spark,https://www.mtgpirulo.com/products/search?q=Finale of Glory
Mirror Box - Foil - Showcase,$4.00,"NM-Mint, Japanese",Kamigawa: Neon Dynasty,https://www.mtgpirulo.com/products/search?q=Mirror Box - Foil - Showcase
Prismari Command,$3.99,"NM-Mint, Japanese",Strixhaven: School of Mages,https://www.mtgpirulo.com/products/search?q=Prismari Command
Forbidden Ritual,$3.51,"Light Play, Japanese",Visions,https://www.mtgpirulo.com/products/search?q=Forbidden Ritual
Shifting Sliver,$3.50,"NM-Mint, Japanese",Legions,https://www.mtgpirulo.com/products/search?q=Shifting Sliver
Shifting Sliver,$2.10,"Damaged, Japanese",Legions,https://www.mtgpirulo.com/products/search?q=Shifting Sliver
Stonehewer Giant,$3.15,"Light Play, Japanese",Morningtide,https://www.mtgpirulo.com/products/search?q=Stonehewer Giant
Scourge of Valkas,$3.50,"NM-Mint, Japanese",Magic 2014,https://www.mtgpirulo.com/products/search?q=Scourge of Valkas
Scourge of Valkas,$3.15,"Light Play, Japanese",Magic 2014,https://www.mtgpirulo.com/products/search?q=Scourge of Valkas
Cruel Entertainment,$3.50,"NM-Mint, Japanese",Commander 2016,https://www.mtgpirulo.com/products/search?q=Cruel Entertainment
Cauldron of Souls,$3.50,"NM-Mint, Japanese",Commander 2016,https://www.mtgpirulo.com/products/search?q=Cauldron of Souls
Island (296) - Japanese Full Art,$3.50,"NM-Mint, Japanese",Kamigawa: Neon Dynasty,https://www.mtgpirulo.com/products/search?q=Island (296) - Japanese Full Art
Plains (293) - Japanese Full Art,$3.50,"NM-Mint, Japanese",Kamigawa: Neon Dynasty,https://www.mtgpirulo.com/products/search?q=Plains (293) - Japanese Full Art
Puppet's Verdict,$2.70,"Light Play, Japanese",Mercadian Masques,https://www.mtgpirulo.com/products/search?q=Puppet's Verdict
Rhys the Redeemed,$2.40,"Moderate Play, Japanese",Shadowmoor,https://www.mtgpirulo.com/products/search?q=Rhys the Redeemed
Blade of the Bloodchief,$2.70,"Light Play, Japanese",Zendikar,https://www.mtgpirulo.com/products/search?q=Blade of the Bloodchief
Time Reversal,$3.00,"NM-Mint, Japanese",Magic 2011,https://www.mtgpirulo.com/products/search?q=Time Reversal
Ancestral Vision,$3.00,"NM-Mint, Japanese",Duel Decks: Jace vs Chandra,https://www.mtgpirulo.com/products/search?q=Ancestral Vision
Ancestral Vision,$2.70,"Light Play, Japanese",Duel Decks: Jace vs Chandra,https://www.mtgpirulo.com/products/search?q=Ancestral Vision
Dark Prophecy,$3.00,"NM-Mint, Japanese",Magic 2014,https://www.mtgpirulo.com/products/search?q=Dark Prophecy
"Pharika, God of Affliction",$3.00,"NM-Mint, Japanese",Journey into Nyx,"https://www.mtgpirulo.com/products/search?q=Pharika, God of Affliction"
Molten Vortex - Foil,$3.00,"NM-Mint, Japanese",Origins,https://www.mtgpirulo.com/products/search?q=Molten Vortex - Foil
Dragonlord Silumgar,$3.00,"NM-Mint, Japanese",Dragons of Tarkir,https://www.mtgpirulo.com/products/search?q=Dragonlord Silumgar
Haven of the Spirit Dragon,$3.00,"NM-Mint, Japanese",Dragons of Tarkir,https://www.mtgpirulo.com/products/search?q=Haven of the Spirit Dragon
Blossoming Defense - Foil,$3.00,"NM-Mint, Japanese",Kaladesh,https://www.mtgpirulo.com/products/search?q=Blossoming Defense - Foil
Mycoloth,$3.00,"NM-Mint, Japanese",Commander 2016,https://www.mtgpirulo.com/products/search?q=Mycoloth
Finale of Promise,$3.00,"NM-Mint, Japanese",War of the Spark,https://www.mtgpirulo.com/products/search?q=Finale of Promise
The Elderspell - Foil,$3.00,"NM-Mint, Japanese",War of the Spark,https://www.mtgpirulo.com/products/search?q=The Elderspell - Foil
Mountain (300) - Foil - Japanese Full Art,$3.00,"NM-Mint, Japanese",Kamigawa: Neon Dynasty,https://www.mtgpirulo.com/products/search?q=Mountain (300) - Foil - Japanese Full Art
Swamp (297) - Japanese Full Art,$3.00,"NM-Mint, Japanese",Kamigawa: Neon Dynasty,https://www.mtgpirulo.com/products/search?q=Swamp (297) - Japanese Full Art
Containment Construct - Foil,$3.00,"NM-Mint, Japanese",Kamigawa: Neon Dynasty,https://www.mtgpirulo.com/products/search?q=Containment Construct - Foil
Mindlink Mech - Foil - Showcase,$3.00,"NM-Mint, Japanese",Kamigawa: Neon Dynasty,https://www.mtgpirulo.com/products/search?q=Mindlink Mech - Foil - Showcase
"Risona, Asari Commander - Foil - Showcase",$3.00,"NM-Mint, Japanese",Kamigawa: Neon Dynasty,"https://www.mtgpirulo.com/products/search?q=Risona, Asari Commander - Foil - Showcase"
"Kura, the Boundless Sky",$3.00,"NM-Mint, Japanese",Kamigawa: Neon Dynasty,"https://www.mtgpirulo.com/products/search?q=Kura, the Boundless Sky"
Diamond Kaleidoscope,$2.60,"NM-Mint, Japanese",Visions,https://www.mtgpirulo.com/products/search?q=Diamond Kaleidoscope
"Ib Halfheart, Goblin Tactician",$2.50,"NM-Mint, Japanese",Time Spiral,"https://www.mtgpirulo.com/products/search?q=Ib Halfheart, Goblin Tactician"
Three Wishes,$2.50,"NM-Mint, Japanese",Visions,https://www.mtgpirulo.com/products/search?q=Three Wishes
Memory Plunder,$2.25,"Light Play, Japanese",Shadowmoor,https://www.mtgpirulo.com/products/search?q=Memory Plunder
"Sedris, the Traitor King",$2.50,"NM-Mint, Japanese",Shards of Alara,"https://www.mtgpirulo.com/products/search?q=Sedris, the Traitor King"
Crux of Fate,$2.50,"NM-Mint, Japanese",Fate Reforged,https://www.mtgpirulo.com/products/search?q=Crux of Fate
"Kiora, Master of the Depths",$2.50,"NM-Mint, Japanese",Battle for Zendikar,"https://www.mtgpirulo.com/products/search?q=Kiora, Master of the Depths"
Sea Gate Wreckage - Foil,$2.50,"NM-Mint, Japanese",Oath of the Gatewatch,https://www.mtgpirulo.com/products/search?q=Sea Gate Wreckage - Foil
Deepglow Skate,$2.50,"NM-Mint, Japanese",Commander 2016,https://www.mtgpirulo.com/products/search?q=Deepglow Skate
Biting-Palm Ninja - Foil - Showcase,$2.50,"NM-Mint, Japanese",Kamigawa: Neon Dynasty,https://www.mtgpirulo.com/products/search?q=Biting-Palm Ninja - Foil - Showcase
Island (295) - Japanese Full Art,$2.50,"NM-Mint, Japanese",Kamigawa: Neon Dynasty,https://www.mtgpirulo.com/products/search?q=Island (295) - Japanese Full Art
Plains (294) - Foil - Japanese Full Art,$2.50,"NM-Mint, Japanese",Kamigawa: Neon Dynasty,https://www.mtgpirulo.com/products/search?q=Plains (294) - Foil - Japanese Full Art
"Tamiyo, Compleated Sage",$2.50,"NM-Mint, Japanese",Kamigawa: Neon Dynasty,"https://www.mtgpirulo.com/products/search?q=Tamiyo, Compleated Sage"
Domri Rade,$2.49,"NM-Mint, Japanese",Gatecrash,https://www.mtgpirulo.com/products/search?q=Domri Rade
Blood Funnel,$1.80,"Light Play, Japanese",Ravnica,https://www.mtgpirulo.com/products/search?q=Blood Funnel
Beacon of Immortality,$1.80,"Light Play, Japanese",Fifth Dawn,https://www.mtgpirulo.com/products/search?q=Beacon of Immortality
Puca's Mischief,$2.00,"NM-Mint, Japanese",Shadowmoor,https://www.mtgpirulo.com/products/search?q=Puca's Mischief
Puca's Mischief,$1.80,"Light Play, Japanese",Shadowmoor,https://www.mtgpirulo.com/products/search?q=Puca's Mischief
Mark of Asylum,$2.00,"NM-Mint, Japanese",Conflux,https://www.mtgpirulo.com/products/search?q=Mark of Asylum
Temple Bell,$2.00,"NM-Mint, Japanese",Magic 2011,https://www.mtgpirulo.com/products/search?q=Temple Bell
Day of Judgment,$2.00,"NM-Mint, Japanese",Magic 2012,https://www.mtgpirulo.com/products/search?q=Day of Judgment
Lord of the Unreal,$2.00,"NM-Mint, Japanese",Magic 2012,https://www.mtgpirulo.com/products/search?q=Lord of the Unreal
"Yeva, Nature's Herald",$2.00,"NM-Mint, Japanese",Magic 2013,"https://www.mtgpirulo.com/products/search?q=Yeva, Nature's Herald"
"Jarad, Golgari Lich Lord",$1.80,"Light Play, Japanese",Return to Ravnica,"https://www.mtgpirulo.com/products/search?q=Jarad, Golgari Lich Lord"
Kheru Spellsnatcher - Foil,$2.00,"NM-Mint, Japanese",Khans of Tarkir,https://www.mtgpirulo.com/products/search?q=Kheru Spellsnatcher - Foil
Undergrowth Champion,$2.00,"NM-Mint, Japanese",Battle for Zendikar,https://www.mtgpirulo.com/products/search?q=Undergrowth Champion
Nevinyrral's Disk - Foil,$15.00,"NM-Mint, Japanese",Eternal Masters,https://www.mtgpirulo.com/products/search?q=Nevinyrral's Disk - Foil
Murmuring Bosk,$1.80,"Light Play, Japanese",Commander 2016,https://www.mtgpirulo.com/products/search?q=Murmuring Bosk
Planar Bridge,$2.00,"NM-Mint, Japanese",Aether Revolt,https://www.mtgpirulo.com/products/search?q=Planar Bridge
Radiant Destiny,$2.00,"NM-Mint, Japanese",Rivals of Ixalan,https://www.mtgpirulo.com/products/search?q=Radiant Destiny
"Zahid, Djinn of the Lamp - Foil",$2.00,"NM-Mint, Japanese",Dominaria,"https://www.mtgpirulo.com/products/search?q=Zahid, Djinn of the Lamp - Foil"
Persistent Petitioners,$2.00,"NM-Mint, Japanese",Ravnica Allegiance,https://www.mtgpirulo.com/products/search?q=Persistent Petitioners
"Feather, the Redeemed",$2.00,"NM-Mint, Japanese",War of the Spark,"https://www.mtgpirulo.com/products/search?q=Feather, the Redeemed"
"Krenko, Tin Street Kingpin",$2.00,"NM-Mint, Japanese",War of the Spark,"https://www.mtgpirulo.com/products/search?q=Krenko, Tin Street Kingpin"
"Vivien, Champion of the Wilds",$2.00,"NM-Mint, Japanese",War of the Spark,"https://www.mtgpirulo.com/products/search?q=Vivien, Champion of the Wilds"
Finale of Eternity,$2.00,"NM-Mint, Japanese",War of the Spark,https://www.mtgpirulo.com/products/search?q=Finale of Eternity
Furycalm Snarl,$2.00,"NM-Mint, Japanese",Strixhaven: School of Mages,https://www.mtgpirulo.com/products/search?q=Furycalm Snarl
Forest (301) - Japanese Full Art,$2.00,"NM-Mint, Japanese",Kamigawa: Neon Dynasty,https://www.mtgpirulo.com/products/search?q=Forest (301) - Japanese Full Art
Forest (302) - Japanese Full Art,$2.00,"NM-Mint, Japanese",Kamigawa: Neon Dynasty,https://www.mtgpirulo.com/products/search?q=Forest (302) - Japanese Full Art
Eiganjo Uprising - Foil,$2.00,"NM-Mint, Japanese",Kamigawa: Neon Dynasty,https://www.mtgpirulo.com/products/search?q=Eiganjo Uprising - Foil
Invoke Calamity - Foil,$2.00,"NM-Mint, Japanese",Kamigawa: Neon Dynasty,https://www.mtgpirulo.com/products/search?q=Invoke Calamity - Foil
Invoke Justice - Foil,$2.00,"NM-Mint, Japanese",Kamigawa: Neon Dynasty,https://www.mtgpirulo.com/products/search?q=Invoke Justice - Foil
Mirror Box,$2.00,"NM-Mint, Japanese",Kamigawa: Neon Dynasty,https://www.mtgpirulo.com/products/search?q=Mirror Box
Kami of Transience - Foil,$2.00,"NM-Mint, Japanese",Kamigawa: Neon Dynasty,https://www.mtgpirulo.com/products/search?q=Kami of Transience - Foil
March of Reckless Joy - Foil,$2.00,"NM-Mint, Japanese",Kamigawa: Neon Dynasty,https://www.mtgpirulo.com/products/search?q=March of Reckless Joy - Foil
Mechtitan Core - Foil,$2.00,"NM-Mint, Japanese",Kamigawa: Neon Dynasty,https://www.mtgpirulo.com/products/search?q=Mechtitan Core - Foil
Mechtitan Core - Showcase,$2.00,"NM-Mint, Japanese",Kamigawa: Neon Dynasty,https://www.mtgpirulo.com/products/search?q=Mechtitan Core - Showcase
Plains (294) - Japanese Full Art,$2.00,"NM-Mint, Japanese",Kamigawa: Neon Dynasty,https://www.mtgpirulo.com/products/search?q=Plains (294) - Japanese Full Art
Scrap Welder - Foil,$2.00,"NM-Mint, Japanese",Kamigawa: Neon Dynasty,https://www.mtgpirulo.com/products/search?q=Scrap Welder - Foil
"Satsuki, the Living Lore - Foil",$2.00,"NM-Mint, Japanese",Kamigawa: Neon Dynasty,"https://www.mtgpirulo.com/products/search?q=Satsuki, the Living Lore - Foil"
Teachings of the Kirin // Kirin-Touched Orochi - Foil,$2.00,"NM-Mint, Japanese",Kamigawa: Neon Dynasty,https://www.mtgpirulo.com/products/search?q=Teachings of the Kirin // Kirin-Touched Orochi - Foil
"Tatsunari, Toad Rider - Foil",$2.00,"NM-Mint, Japanese",Kamigawa: Neon Dynasty,"https://www.mtgpirulo.com/products/search?q=Tatsunari, Toad Rider - Foil"
The Dragon-Kami Reborn // Dragon-Kami's Egg - Foil - Showcase,$2.00,"NM-Mint, Japanese",Kamigawa: Neon Dynasty,https://www.mtgpirulo.com/products/search?q=The Dragon-Kami Reborn // Dragon-Kami's Egg - Foil - Showcase
March of Burgeoning Life - Foil,$2.00,"NM-Mint, Japanese",Kamigawa: Neon Dynasty,https://www.mtgpirulo.com/products/search?q=March of Burgeoning Life - Foil
Inventive Iteration // Living Breakthrough - Foil,$2.00,"NM-Mint, Japanese",Kamigawa: Neon Dynasty,https://www.mtgpirulo.com/products/search?q=Inventive Iteration // Living Breakthrough - Foil
"Kotose, the Silent Spider - Foil",$2.00,"NM-Mint, Japanese",Kamigawa: Neon Dynasty,"https://www.mtgpirulo.com/products/search?q=Kotose, the Silent Spider - Foil"
Soul Transfer - Foil,$2.00,"NM-Mint, Japanese",Kamigawa: Neon Dynasty,https://www.mtgpirulo.com/products/search?q=Soul Transfer - Foil
Mindlink Mech - Foil,$2.00,"NM-Mint, Japanese",Kamigawa: Neon Dynasty,https://www.mtgpirulo.com/products/search?q=Mindlink Mech - Foil
Mukotai Soulripper - Foil - Showcase,$2.00,"NM-Mint, Japanese",Kamigawa: Neon Dynasty,https://www.mtgpirulo.com/products/search?q=Mukotai Soulripper - Foil - Showcase
Spring-Leaf Avenger - Foil,$2.00,"NM-Mint, Japanese",Kamigawa: Neon Dynasty,https://www.mtgpirulo.com/products/search?q=Spring-Leaf Avenger - Foil
Spring-Leaf Avenger - Foil - Showcase,$2.00,"NM-Mint, Japanese",Kamigawa: Neon Dynasty,https://www.mtgpirulo.com/products/search?q=Spring-Leaf Avenger - Foil - Showcase
"Risona, Asari Commander - Foil",$2.00,"NM-Mint, Japanese",Kamigawa: Neon Dynasty,"https://www.mtgpirulo.com/products/search?q=Risona, Asari Commander - Foil"
Eater of Virtue - Foil,$2.00,"NM-Mint, Japanese",Kamigawa: Neon Dynasty,https://www.mtgpirulo.com/products/search?q=Eater of Virtue - Foil
Ogre-Head Helm - Foil,$2.00,"NM-Mint, Japanese",Kamigawa: Neon Dynasty,https://www.mtgpirulo.com/products/search?q=Ogre-Head Helm - Foil
Invoke the Ancients - Foil,$2.00,"NM-Mint, Japanese",Kamigawa: Neon Dynasty,https://www.mtgpirulo.com/products/search?q=Invoke the Ancients - Foil
"Shigeki, Jukai Visionary - Foil - Showcase",$2.00,"NM-Mint, Japanese",Kamigawa: Neon Dynasty,"https://www.mtgpirulo.com/products/search?q=Shigeki, Jukai Visionary - Foil - Showcase"
Ruthless Technomancer,$2.00,"NM-Mint, Japanese",Commander: Kamigawa: Neon Dynasty,https://www.mtgpirulo.com/products/search?q=Ruthless Technomancer
Myojin of Blooming Dawn - Foil,$2.00,"NM-Mint, Japanese",Commander: Kamigawa: Neon Dynasty,https://www.mtgpirulo.com/products/search?q=Myojin of Blooming Dawn - Foil
Myojin of Cryptic Dreams - Foil,$2.00,"NM-Mint, Japanese",Commander: Kamigawa: Neon Dynasty,https://www.mtgpirulo.com/products/search?q=Myojin of Cryptic Dreams - Foil
Myojin of Grim Betrayal - Foil,$2.00,"NM-Mint, Japanese",Commander: Kamigawa: Neon Dynasty,https://www.mtgpirulo.com/products/search?q=Myojin of Grim Betrayal - Foil
Myojin of Towering Might - Foil,$2.00,"NM-Mint, Japanese",Commander: Kamigawa: Neon Dynasty,https://www.mtgpirulo.com/products/search?q=Myojin of Towering Might - Foil
Misers' Cage,$1.71,"Light Play, Japanese",Mirage,https://www.mtgpirulo.com/products/search?q=Misers' Cage
Tainted Wood,$1.35,"Light Play, Japanese",Torment,https://www.mtgpirulo.com/products/search?q=Tainted Wood
Atogatog,$1.50,"NM-Mint, Japanese",Odyssey,https://www.mtgpirulo.com/products/search?q=Atogatog
Embargo,$1.50,"NM-Mint, Japanese",Mercadian Masques,https://www.mtgpirulo.com/products/search?q=Embargo
"Doran, the Siege Tower",$1.50,"NM-Mint, Japanese",Lorwyn,"https://www.mtgpirulo.com/products/search?q=Doran, the Siege Tower"
Avatar of Slaughter,$1.50,"NM-Mint, Japanese",Commander,https://www.mtgpirulo.com/products/search?q=Avatar of Slaughter
Vengeful Pharaoh,$1.50,"NM-Mint, Japanese",Magic 2012,https://www.mtgpirulo.com/products/search?q=Vengeful Pharaoh
Primeval Bounty,$1.50,"NM-Mint, Japanese",Magic 2014,https://www.mtgpirulo.com/products/search?q=Primeval Bounty
"Kambal, Consul of Allocation",$1.50,"NM-Mint, Japanese",Kaladesh,"https://www.mtgpirulo.com/products/search?q=Kambal, Consul of Allocation"
Vela the Night-Clad,$1.50,"NM-Mint, Japanese",Planechase 2012,https://www.mtgpirulo.com/products/search?q=Vela the Night-Clad
Dire Fleet Ravager,$1.50,"NM-Mint, Japanese",Ixalan,https://www.mtgpirulo.com/products/search?q=Dire Fleet Ravager
"Ajani, the Greathearted",$1.50,"NM-Mint, Japanese",War of the Spark,"https://www.mtgpirulo.com/products/search?q=Ajani, the Greathearted"
"Saheeli, Sublime Artificer - Japanese Alternate Art",$1.50,"NM-Mint, Japanese",War of the Spark,"https://www.mtgpirulo.com/products/search?q=Saheeli, Sublime Artificer - Japanese Alternate Art"
Spirit-Sister's Call - Showcase,$1.50,"NM-Mint, Japanese",Kamigawa: Neon Dynasty,https://www.mtgpirulo.com/products/search?q=Spirit-Sister's Call - Showcase
Mindlink Mech - Showcase,$1.50,"NM-Mint, Japanese",Kamigawa: Neon Dynasty,https://www.mtgpirulo.com/products/search?q=Mindlink Mech - Showcase
Roadside Reliquary - Foil,$1.50,"NM-Mint, Japanese",Kamigawa: Neon Dynasty,https://www.mtgpirulo.com/products/search?q=Roadside Reliquary - Foil
Zealous Conscripts,$1.49,"NM-Mint, Japanese",Avacyn Restored,https://www.mtgpirulo.com/products/search?q=Zealous Conscripts
"Ral, Storm Conduit",$1.49,"NM-Mint, Japanese",War of the Spark,"https://www.mtgpirulo.com/products/search?q=Ral, Storm Conduit"
Riftstone Portal,$1.00,"NM-Mint, Japanese",Judgment,https://www.mtgpirulo.com/products/search?q=Riftstone Portal
Countryside Crusher,$1.00,"NM-Mint, Japanese",Morningtide,https://www.mtgpirulo.com/products/search?q=Countryside Crusher
Frost Titan,$0.80,"Moderate Play, Japanese",Magic 2011,https://www.mtgpirulo.com/products/search?q=Frost Titan
Steel Overseer,$0.90,"Light Play, Japanese",Magic 2011,https://www.mtgpirulo.com/products/search?q=Steel Overseer
Bladewing the Risen,$0.90,"Light Play, Japanese",Commander,https://www.mtgpirulo.com/products/search?q=Bladewing the Risen
Cemetery Reaper,$1.00,"NM-Mint, Japanese",Magic 2012,https://www.mtgpirulo.com/products/search?q=Cemetery Reaper
Frost Titan,$0.80,"Moderate Play, Japanese",Magic 2012,https://www.mtgpirulo.com/products/search?q=Frost Titan
Necropolis Regent,$1.00,"NM-Mint, Japanese",Return to Ravnica,https://www.mtgpirulo.com/products/search?q=Necropolis Regent
Hythonia the Cruel,$1.00,"NM-Mint, Japanese",Theros,https://www.mtgpirulo.com/products/search?q=Hythonia the Cruel
Prophetic Flamespeaker,$1.00,"NM-Mint, Japanese",Journey into Nyx,https://www.mtgpirulo.com/products/search?q=Prophetic Flamespeaker
Greenwarden of Murasa,$1.00,"NM-Mint, Japanese",Battle for Zendikar,https://www.mtgpirulo.com/products/search?q=Greenwarden of Murasa
Mystic Snake,$1.00,"NM-Mint, Japanese",Modern Masters 2015,https://www.mtgpirulo.com/products/search?q=Mystic Snake
Twilight's Call,$1.00,"NM-Mint, Japanese",Duel Decks: Izzet vs Golgari,https://www.mtgpirulo.com/products/search?q=Twilight's Call
Visara the Dreadful,$1.00,"NM-Mint, Japanese",Eternal Masters,https://www.mtgpirulo.com/products/search?q=Visara the Dreadful
Verdurous Gearhulk,$1.00,"NM-Mint, Japanese",Kaladesh,https://www.mtgpirulo.com/products/search?q=Verdurous Gearhulk
Vraska's Contempt,$1.00,"NM-Mint, Japanese",Ixalan,https://www.mtgpirulo.com/products/search?q=Vraska's Contempt
"Wasitora, Nekoru Queen",$1.00,"NM-Mint, Japanese",Commander 2017,"https://www.mtgpirulo.com/products/search?q=Wasitora, Nekoru Queen"
"Dovin, Grand Arbiter",$1.00,"NM-Mint, Japanese",Ravnica Allegiance,"https://www.mtgpirulo.com/products/search?q=Dovin, Grand Arbiter"
Cruel Celebrant,$1.00,"NM-Mint, Japanese",War of the Spark,https://www.mtgpirulo.com/products/search?q=Cruel Celebrant
"Roalesk, Apex Hybrid",$1.00,"NM-Mint, Japanese",War of the Spark,"https://www.mtgpirulo.com/products/search?q=Roalesk, Apex Hybrid"
Moonsnare Prototype - Foil,$1.00,"NM-Mint, Japanese",Kamigawa: Neon Dynasty,https://www.mtgpirulo.com/products/search?q=Moonsnare Prototype - Foil
Spirit-Sister's Call,$1.00,"NM-Mint, Japanese",Kamigawa: Neon Dynasty,https://www.mtgpirulo.com/products/search?q=Spirit-Sister's Call
The Kami War // O-Kagachi Made Manifest,$1.00,"NM-Mint, Japanese",Kamigawa: Neon Dynasty,https://www.mtgpirulo.com/products/search?q=The Kami War // O-Kagachi Made Manifest
Weaver of Harmony,$1.00,"NM-Mint, Japanese",Kamigawa: Neon Dynasty,https://www.mtgpirulo.com/products/search?q=Weaver of Harmony
Explosive Singularity,$1.00,"NM-Mint, Japanese",Kamigawa: Neon Dynasty,https://www.mtgpirulo.com/products/search?q=Explosive Singularity
Explosive Singularity - Showcase,$1.00,"NM-Mint, Japanese",Kamigawa: Neon Dynasty,https://www.mtgpirulo.com/products/search?q=Explosive Singularity - Showcase
"Chishiro, the Shattered Blade",$1.00,"NM-Mint, Japanese",Commander: Kamigawa: Neon Dynasty,"https://www.mtgpirulo.com/products/search?q=Chishiro, the Shattered Blade"
"Kotori, Pilot Prodigy",$1.00,"NM-Mint, Japanese",Commander: Kamigawa: Neon Dynasty,"https://www.mtgpirulo.com/products/search?q=Kotori, Pilot Prodigy"
"Kaima, the Fractured Calm",$1.00,"NM-Mint, Japanese",Commander: Kamigawa: Neon Dynasty,"https://www.mtgpirulo.com/products/search?q=Kaima, the Fractured Calm"
Casualties of War,$0.99,"NM-Mint, Japanese",War of the Spark,https://www.mtgpirulo.com/products/search?q=Casualties of War
Ichorid,$0.64,"Moderate Play, Japanese",Torment,https://www.mtgpirulo.com/products/search?q=Ichorid
Scute Mob,$0.64,"Moderate Play, Japanese",Zendikar,https://www.mtgpirulo.com/products/search?q=Scute Mob
Firespout,$0.80,"NM-Mint, Japanese",Commander,https://www.mtgpirulo.com/products/search?q=Firespout
Rites of Flourishing,$0.80,"NM-Mint, Japanese",Magic 2012,https://www.mtgpirulo.com/products/search?q=Rites of Flourishing
Harvester of Souls,$0.72,"Light Play, Japanese",Avacyn Restored,https://www.mtgpirulo.com/products/search?q=Harvester of Souls
Set Adrift - Foil,$5.50,"NM-Mint, Japanese",Khans of Tarkir,https://www.mtgpirulo.com/products/search?q=Set Adrift - Foil
Sunscorch Regent,$0.80,"NM-Mint, Japanese",Dragons of Tarkir,https://www.mtgpirulo.com/products/search?q=Sunscorch Regent
Ghirapur Orrery,$0.80,"NM-Mint, Japanese",Kaladesh,https://www.mtgpirulo.com/products/search?q=Ghirapur Orrery
Hour of Devastation,$0.80,"NM-Mint, Japanese",Hour of Devastation,https://www.mtgpirulo.com/products/search?q=Hour of Devastation
Profane Procession // Tomb of the Dusk Rose,$0.80,"NM-Mint, Japanese",Rivals of Ixalan,https://www.mtgpirulo.com/products/search?q=Profane Procession // Tomb of the Dusk Rose
"Josu Vess, Lich Knight",$0.80,"NM-Mint, Japanese",Dominaria,"https://www.mtgpirulo.com/products/search?q=Josu Vess, Lich Knight"
"Chandra, Fire Artisan",$0.80,"NM-Mint, Japanese",War of the Spark,"https://www.mtgpirulo.com/products/search?q=Chandra, Fire Artisan"
Biting-Palm Ninja - Showcase,$0.80,"NM-Mint, Japanese",Kamigawa: Neon Dynasty,https://www.mtgpirulo.com/products/search?q=Biting-Palm Ninja - Showcase
Lizard Blades,$0.80,"NM-Mint, Japanese",Kamigawa: Neon Dynasty,https://www.mtgpirulo.com/products/search?q=Lizard Blades
Surgehacker Mech - Showcase,$0.80,"NM-Mint, Japanese",Kamigawa: Neon Dynasty,https://www.mtgpirulo.com/products/search?q=Surgehacker Mech - Showcase
Tempered in Solitude - Foil,$0.80,"NM-Mint, Japanese",Kamigawa: Neon Dynasty,https://www.mtgpirulo.com/products/search?q=Tempered in Solitude - Foil
Containment Construct,$0.80,"NM-Mint, Japanese",Kamigawa: Neon Dynasty,https://www.mtgpirulo.com/products/search?q=Containment Construct
"Risona, Asari Commander - Showcase",$0.80,"NM-Mint, Japanese",Kamigawa: Neon Dynasty,"https://www.mtgpirulo.com/products/search?q=Risona, Asari Commander - Showcase"
Invigorating Hot Spring - Foil,$0.80,"NM-Mint, Japanese",Kamigawa: Neon Dynasty,https://www.mtgpirulo.com/products/search?q=Invigorating Hot Spring - Foil
The Elderspell,$0.60,"NM-Mint, Japanese",War of the Spark,https://www.mtgpirulo.com/products/search?q=The Elderspell
Ogre-Head Helm - Showcase,$0.60,"NM-Mint, Japanese",Kamigawa: Neon Dynasty,https://www.mtgpirulo.com/products/search?q=Ogre-Head Helm - Showcase
"Slobad, Goblin Tinkerer",$0.50,"NM-Mint, Japanese",Darksteel,"https://www.mtgpirulo.com/products/search?q=Slobad, Goblin Tinkerer"
Oblation,$0.45,"Light Play, Japanese",Onslaught,https://www.mtgpirulo.com/products/search?q=Oblation
Shifty Doppelganger,$0.45,"Light Play, Japanese",Odyssey,https://www.mtgpirulo.com/products/search?q=Shifty Doppelganger
Questing Phelddagrif,$0.45,"Light Play, Japanese",Planeshift,https://www.mtgpirulo.com/products/search?q=Questing Phelddagrif
Questing Phelddagrif,$0.40,"Moderate Play, Japanese",Planeshift,https://www.mtgpirulo.com/products/search?q=Questing Phelddagrif
Wild Ricochet,$0.45,"Light Play, Japanese",Lorwyn,https://www.mtgpirulo.com/products/search?q=Wild Ricochet
Ballyrush Banneret,$0.45,"Light Play, Japanese",Morningtide,https://www.mtgpirulo.com/products/search?q=Ballyrush Banneret
Mirrorweave,$0.50,"NM-Mint, Japanese",Shadowmoor,https://www.mtgpirulo.com/products/search?q=Mirrorweave
Oblivion Ring,$0.50,"NM-Mint, Japanese",Shards of Alara,https://www.mtgpirulo.com/products/search?q=Oblivion Ring
Into the Roil,$0.50,"NM-Mint, Japanese",Zendikar,https://www.mtgpirulo.com/products/search?q=Into the Roil
Black Knight,$0.50,"NM-Mint, Japanese",Magic 2010,https://www.mtgpirulo.com/products/search?q=Black Knight
Bogardan Hellkite,$0.50,"NM-Mint, Japanese",Magic 2010,https://www.mtgpirulo.com/products/search?q=Bogardan Hellkite
Djinn of Wishes,$0.35,"Heavy Play, Japanese",Magic 2010,https://www.mtgpirulo.com/products/search?q=Djinn of Wishes
Martyr of Frost,$0.50,"NM-Mint, Japanese",Duel Decks: Jace vs Chandra,https://www.mtgpirulo.com/products/search?q=Martyr of Frost
Tezzeret's Gambit,$0.50,"NM-Mint, Japanese",New Phyrexia,https://www.mtgpirulo.com/products/search?q=Tezzeret's Gambit
Extractor Demon,$0.50,"NM-Mint, Japanese",Commander,https://www.mtgpirulo.com/products/search?q=Extractor Demon
Mortify,$0.45,"Light Play, Japanese",Commander,https://www.mtgpirulo.com/products/search?q=Mortify
Mask of Avacyn,$0.50,"NM-Mint, Japanese",Innistrad,https://www.mtgpirulo.com/products/search?q=Mask of Avacyn
Hellrider,$0.50,"NM-Mint, Japanese",Dark Ascension,https://www.mtgpirulo.com/products/search?q=Hellrider
Silklash Spider,$0.50,"NM-Mint, Japanese",Magic 2013,https://www.mtgpirulo.com/products/search?q=Silklash Spider
Ravenous Rats,$0.50,"NM-Mint, Japanese",Magic 2013,https://www.mtgpirulo.com/products/search?q=Ravenous Rats
Wayfaring Temple,$0.50,"NM-Mint, Japanese",Return to Ravnica,https://www.mtgpirulo.com/products/search?q=Wayfaring Temple
Cartel Aristocrat,$0.50,"NM-Mint, Japanese",Gatecrash,https://www.mtgpirulo.com/products/search?q=Cartel Aristocrat
Breaking // Entering,$0.50,"NM-Mint, Japanese",Dragon's Maze,https://www.mtgpirulo.com/products/search?q=Breaking // Entering
Aetherling,$0.50,"NM-Mint, Japanese",Dragon's Maze,https://www.mtgpirulo.com/products/search?q=Aetherling
Hidden Strings,$0.50,"NM-Mint, Japanese",Dragon's Maze,https://www.mtgpirulo.com/products/search?q=Hidden Strings
Unflinching Courage,$0.50,"NM-Mint, Japanese",Dragon's Maze,https://www.mtgpirulo.com/products/search?q=Unflinching Courage
Arbor Colossus,$0.50,"NM-Mint, Japanese",Theros,https://www.mtgpirulo.com/products/search?q=Arbor Colossus
"Tymaret, the Murder King",$0.50,"NM-Mint, Japanese",Theros,"https://www.mtgpirulo.com/products/search?q=Tymaret, the Murder King"
Abbot of Keral Keep,$0.45,"Light Play, Japanese",Origins,https://www.mtgpirulo.com/products/search?q=Abbot of Keral Keep
"Shu Yun, the Silent Tempest",$0.50,"NM-Mint, Japanese",Fate Reforged,"https://www.mtgpirulo.com/products/search?q=Shu Yun, the Silent Tempest"
Icefall Regent,$0.50,"NM-Mint, Japanese",Dragons of Tarkir,https://www.mtgpirulo.com/products/search?q=Icefall Regent
Ruinous Path,$0.50,"NM-Mint, Japanese",Battle for Zendikar,https://www.mtgpirulo.com/products/search?q=Ruinous Path
Stormchaser Mage,$0.50,"NM-Mint, Japanese",Oath of the Gatewatch,https://www.mtgpirulo.com/products/search?q=Stormchaser Mage
Darksteel Citadel,$0.50,"NM-Mint, Japanese",Modern Masters 2015,https://www.mtgpirulo.com/products/search?q=Darksteel Citadel
Keldon Megaliths,$0.45,"Light Play, Japanese",Duel Deck Anthology,https://www.mtgpirulo.com/products/search?q=Keldon Megaliths
Putrid Leech,$0.50,"NM-Mint, Japanese",Duel Decks: Izzet vs Golgari,https://www.mtgpirulo.com/products/search?q=Putrid Leech
Goblin Trenches,$0.50,"NM-Mint, Japanese",Eternal Masters,https://www.mtgpirulo.com/products/search?q=Goblin Trenches
Keldon Marauders,$0.50,"NM-Mint, Japanese",Eternal Masters,https://www.mtgpirulo.com/products/search?q=Keldon Marauders
Wee Dragonauts,$0.50,"NM-Mint, Japanese",Eternal Masters,https://www.mtgpirulo.com/products/search?q=Wee Dragonauts
Blessed Alliance,$0.50,"NM-Mint, Japanese",Eldritch moon,https://www.mtgpirulo.com/products/search?q=Blessed Alliance
Confiscation Coup,$0.50,"NM-Mint, Japanese",Kaladesh,https://www.mtgpirulo.com/products/search?q=Confiscation Coup
Electrostatic Pummeler,$0.50,"NM-Mint, Japanese",Kaladesh,https://www.mtgpirulo.com/products/search?q=Electrostatic Pummeler
Syndicate Trafficker,$0.50,"NM-Mint, Japanese",Kaladesh,https://www.mtgpirulo.com/products/search?q=Syndicate Trafficker
Mirrorweave,$0.50,"NM-Mint, Japanese",Commander 2016,https://www.mtgpirulo.com/products/search?q=Mirrorweave
Tezzeret's Touch,$0.50,"NM-Mint, Japanese",Aether Revolt,https://www.mtgpirulo.com/products/search?q=Tezzeret's Touch
Unbridled Growth,$0.50,"NM-Mint, Japanese",Aether Revolt,https://www.mtgpirulo.com/products/search?q=Unbridled Growth
Earthshaker Khenra,$0.50,"NM-Mint, Japanese",Hour of Devastation,https://www.mtgpirulo.com/products/search?q=Earthshaker Khenra
"Naban, Dean of Iteration",$0.50,"NM-Mint, Japanese",Dominaria,"https://www.mtgpirulo.com/products/search?q=Naban, Dean of Iteration"
Demon of Catastrophes,$0.50,"NM-Mint, Japanese",Core Set 2019,https://www.mtgpirulo.com/products/search?q=Demon of Catastrophes
Isareth the Awakener,$0.50,"NM-Mint, Japanese",Core Set 2019,https://www.mtgpirulo.com/products/search?q=Isareth the Awakener
Dreadhorde Invasion,$0.50,"NM-Mint, Japanese",War of the Spark,https://www.mtgpirulo.com/products/search?q=Dreadhorde Invasion
Enter the God-Eternals,$0.50,"NM-Mint, Japanese",War of the Spark,https://www.mtgpirulo.com/products/search?q=Enter the God-Eternals
"Fblthp, the Lost",$0.50,"NM-Mint, Japanese",War of the Spark,"https://www.mtgpirulo.com/products/search?q=Fblthp, the Lost"
Paradise Druid,$0.50,"NM-Mint, Japanese",War of the Spark,https://www.mtgpirulo.com/products/search?q=Paradise Druid
"Neheb, Dreadhorde Champion",$0.50,"NM-Mint, Japanese",War of the Spark,"https://www.mtgpirulo.com/products/search?q=Neheb, Dreadhorde Champion"
Time Wipe,$0.50,"NM-Mint, Japanese",War of the Spark,https://www.mtgpirulo.com/products/search?q=Time Wipe
"Vraska, Swarm's Eminence",$0.50,"NM-Mint, Japanese",War of the Spark,"https://www.mtgpirulo.com/products/search?q=Vraska, Swarm's Eminence"
Single Combat,$0.50,"NM-Mint, Japanese",War of the Spark,https://www.mtgpirulo.com/products/search?q=Single Combat
"Tolsimir, Friend to Wolves",$0.50,"NM-Mint, Japanese",War of the Spark,"https://www.mtgpirulo.com/products/search?q=Tolsimir, Friend to Wolves"
"Tomik, Distinguished Advokist",$0.50,"NM-Mint, Japanese",War of the Spark,"https://www.mtgpirulo.com/products/search?q=Tomik, Distinguished Advokist"
Oath of Kaya,$0.50,"NM-Mint, Japanese",War of the Spark,https://www.mtgpirulo.com/products/search?q=Oath of Kaya
Planewide Celebration,$0.50,"NM-Mint, Japanese",War of the Spark,https://www.mtgpirulo.com/products/search?q=Planewide Celebration
Lochmere Serpent,$0.50,"NM-Mint, Japanese",Throne of Eldraine,https://www.mtgpirulo.com/products/search?q=Lochmere Serpent
Wicked Wolf,$0.50,"NM-Mint, Japanese",Throne of Eldraine,https://www.mtgpirulo.com/products/search?q=Wicked Wolf
Dramatic Finale,$0.50,"NM-Mint, Japanese",Strixhaven: School of Mages,https://www.mtgpirulo.com/products/search?q=Dramatic Finale
Covert Technician - Showcase,$0.50,"NM-Mint, Japanese",Kamigawa: Neon Dynasty,https://www.mtgpirulo.com/products/search?q=Covert Technician - Showcase
Ancestral Katana - Foil,$0.50,"NM-Mint, Japanese",Kamigawa: Neon Dynasty,https://www.mtgpirulo.com/products/search?q=Ancestral Katana - Foil
Era of Enlightenment // Hand of Enlightenment - Foil,$0.50,"NM-Mint, Japanese",Kamigawa: Neon Dynasty,https://www.mtgpirulo.com/products/search?q=Era of Enlightenment // Hand of Enlightenment - Foil
Behold the Unspeakable // Vision of the Unspeakable,$0.50,"NM-Mint, Japanese",Kamigawa: Neon Dynasty,https://www.mtgpirulo.com/products/search?q=Behold the Unspeakable // Vision of the Unspeakable
Behold the Unspeakable // Vision of the Unspeakable - Foil,$0.50,"NM-Mint, Japanese",Kamigawa: Neon Dynasty,https://www.mtgpirulo.com/products/search?q=Behold the Unspeakable // Vision of the Unspeakable - Foil
Covert Technician,$0.50,"NM-Mint, Japanese",Kamigawa: Neon Dynasty,https://www.mtgpirulo.com/products/search?q=Covert Technician
Covert Technician - Foil,$0.50,"NM-Mint, Japanese",Kamigawa: Neon Dynasty,https://www.mtgpirulo.com/products/search?q=Covert Technician - Foil
Biting-Palm Ninja,$0.50,"NM-Mint, Japanese",Kamigawa: Neon Dynasty,https://www.mtgpirulo.com/products/search?q=Biting-Palm Ninja
Akki Ember-Keeper - Foil,$0.50,"NM-Mint, Japanese",Kamigawa: Neon Dynasty,https://www.mtgpirulo.com/products/search?q=Akki Ember-Keeper - Foil
Azusa's Many Journeys // Likeness of the Seeker - Foil,$0.50,"NM-Mint, Japanese",Kamigawa: Neon Dynasty,https://www.mtgpirulo.com/products/search?q=Azusa's Many Journeys // Likeness of the Seeker - Foil
Boseiju Reaches Skyward // Branch of Boseiju,$0.50,"NM-Mint, Japanese",Kamigawa: Neon Dynasty,https://www.mtgpirulo.com/products/search?q=Boseiju Reaches Skyward // Branch of Boseiju
Enthusiastic Mechanaut,$0.50,"NM-Mint, Japanese",Kamigawa: Neon Dynasty,https://www.mtgpirulo.com/products/search?q=Enthusiastic Mechanaut
Dokuchi Shadow-Walker - Foil,$0.50,"NM-Mint, Japanese",Kamigawa: Neon Dynasty,https://www.mtgpirulo.com/products/search?q=Dokuchi Shadow-Walker - Foil
Eiganjo Uprising,$0.50,"NM-Mint, Japanese",Kamigawa: Neon Dynasty,https://www.mtgpirulo.com/products/search?q=Eiganjo Uprising
Bronzeplate Boar,$0.50,"NM-Mint, Japanese",Kamigawa: Neon Dynasty,https://www.mtgpirulo.com/products/search?q=Bronzeplate Boar
Bronzeplate Boar - Foil,$0.50,"NM-Mint, Japanese",Kamigawa: Neon Dynasty,https://www.mtgpirulo.com/products/search?q=Bronzeplate Boar - Foil
Befriending the Moths // Imperial Moth - Foil,$0.50,"NM-Mint, Japanese",Kamigawa: Neon Dynasty,https://www.mtgpirulo.com/products/search?q=Befriending the Moths // Imperial Moth - Foil
Bamboo Grove Archer - Foil,$0.50,"NM-Mint, Japanese",Kamigawa: Neon Dynasty,https://www.mtgpirulo.com/products/search?q=Bamboo Grove Archer - Foil
Banishing Slash,$0.50,"NM-Mint, Japanese",Kamigawa: Neon Dynasty,https://www.mtgpirulo.com/products/search?q=Banishing Slash
Banishing Slash - Foil,$0.50,"NM-Mint, Japanese",Kamigawa: Neon Dynasty,https://www.mtgpirulo.com/products/search?q=Banishing Slash - Foil
Asari Captain - Showcase,$0.50,"NM-Mint, Japanese",Kamigawa: Neon Dynasty,https://www.mtgpirulo.com/products/search?q=Asari Captain - Showcase
Akki War Paint - Foil,$0.50,"NM-Mint, Japanese",Kamigawa: Neon Dynasty,https://www.mtgpirulo.com/products/search?q=Akki War Paint - Foil
Dokuchi Shadow-Walker - Foil - Showcase,$0.50,"NM-Mint, Japanese",Kamigawa: Neon Dynasty,https://www.mtgpirulo.com/products/search?q=Dokuchi Shadow-Walker - Foil - Showcase
Asari Captain,$0.50,"NM-Mint, Japanese",Kamigawa: Neon Dynasty,https://www.mtgpirulo.com/products/search?q=Asari Captain
Asari Captain - Foil,$0.50,"NM-Mint, Japanese",Kamigawa: Neon Dynasty,https://www.mtgpirulo.com/products/search?q=Asari Captain - Foil
Futurist Operative,$0.50,"NM-Mint, Japanese",Kamigawa: Neon Dynasty,https://www.mtgpirulo.com/products/search?q=Futurist Operative
Futurist Operative - Foil,$0.50,"NM-Mint, Japanese",Kamigawa: Neon Dynasty,https://www.mtgpirulo.com/products/search?q=Futurist Operative - Foil
Armguard Familiar,$0.50,"NM-Mint, Japanese",Kamigawa: Neon Dynasty,https://www.mtgpirulo.com/products/search?q=Armguard Familiar
Armguard Familiar - Foil,$0.50,"NM-Mint, Japanese",Kamigawa: Neon Dynasty,https://www.mtgpirulo.com/products/search?q=Armguard Familiar - Foil
Awakened Awareness,$0.50,"NM-Mint, Japanese",Kamigawa: Neon Dynasty,https://www.mtgpirulo.com/products/search?q=Awakened Awareness
Awakened Awareness - Foil,$0.50,"NM-Mint, Japanese",Kamigawa: Neon Dynasty,https://www.mtgpirulo.com/products/search?q=Awakened Awareness - Foil
Assassin's Ink - Foil,$0.50,"NM-Mint, Japanese",Kamigawa: Neon Dynasty,https://www.mtgpirulo.com/products/search?q=Assassin's Ink - Foil
Enormous Energy Blade - Foil,$0.50,"NM-Mint, Japanese",Kamigawa: Neon Dynasty,https://www.mtgpirulo.com/products/search?q=Enormous Energy Blade - Foil
Born to Drive,$0.50,"NM-Mint, Japanese",Kamigawa: Neon Dynasty,https://www.mtgpirulo.com/products/search?q=Born to Drive
Born to Drive - Foil,$0.50,"NM-Mint, Japanese",Kamigawa: Neon Dynasty,https://www.mtgpirulo.com/products/search?q=Born to Drive - Foil
Fang of Shigeki - Foil,$0.50,"NM-Mint, Japanese",Kamigawa: Neon Dynasty,https://www.mtgpirulo.com/products/search?q=Fang of Shigeki - Foil
Fang of Shigeki - Foil - Showcase,$0.50,"NM-Mint, Japanese",Kamigawa: Neon Dynasty,https://www.mtgpirulo.com/products/search?q=Fang of Shigeki - Foil - Showcase
"Hidetsugu, Devouring Chaos",$0.50,"NM-Mint, Japanese",Kamigawa: Neon Dynasty,"https://www.mtgpirulo.com/products/search?q=Hidetsugu, Devouring Chaos"
Greater Tanuki - Foil,$0.50,"NM-Mint, Japanese",Kamigawa: Neon Dynasty,https://www.mtgpirulo.com/products/search?q=Greater Tanuki - Foil
Jukai Naturalist,$0.50,"NM-Mint, Japanese",Kamigawa: Neon Dynasty,https://www.mtgpirulo.com/products/search?q=Jukai Naturalist
Imperial Subduer - Foil,$0.50,"NM-Mint, Japanese",Kamigawa: Neon Dynasty,https://www.mtgpirulo.com/products/search?q=Imperial Subduer - Foil
Jukai Trainee - Foil,$0.50,"NM-Mint, Japanese",Kamigawa: Neon Dynasty,https://www.mtgpirulo.com/products/search?q=Jukai Trainee - Foil
Go-Shintai of Shared Purpose,$0.50,"NM-Mint, Japanese",Kamigawa: Neon Dynasty,https://www.mtgpirulo.com/products/search?q=Go-Shintai of Shared Purpose
Go-Shintai of Shared Purpose - Foil,$0.50,"NM-Mint, Japanese",Kamigawa: Neon Dynasty,https://www.mtgpirulo.com/products/search?q=Go-Shintai of Shared Purpose - Foil
Hotshot Mechanic,$0.50,"NM-Mint, Japanese",Kamigawa: Neon Dynasty,https://www.mtgpirulo.com/products/search?q=Hotshot Mechanic
Hotshot Mechanic - Foil,$0.50,"NM-Mint, Japanese",Kamigawa: Neon Dynasty,https://www.mtgpirulo.com/products/search?q=Hotshot Mechanic - Foil
Imperial Subduer - Foil - Showcase,$0.50,"NM-Mint, Japanese",Kamigawa: Neon Dynasty,https://www.mtgpirulo.com/products/search?q=Imperial Subduer - Foil - Showcase
Futurist Operative - Showcase,$0.50,"NM-Mint, Japanese",Kamigawa: Neon Dynasty,https://www.mtgpirulo.com/products/search?q=Futurist Operative - Showcase
Generous Visitor,$0.50,"NM-Mint, Japanese",Kamigawa: Neon Dynasty,https://www.mtgpirulo.com/products/search?q=Generous Visitor
Generous Visitor - Foil,$0.50,"NM-Mint, Japanese",Kamigawa: Neon Dynasty,https://www.mtgpirulo.com/products/search?q=Generous Visitor - Foil
Gloomshrieker,$0.50,"NM-Mint, Japanese",Kamigawa: Neon Dynasty,https://www.mtgpirulo.com/products/search?q=Gloomshrieker
Gloomshrieker - Foil,$0.50,"NM-Mint, Japanese",Kamigawa: Neon Dynasty,https://www.mtgpirulo.com/products/search?q=Gloomshrieker - Foil
High-Speed Hoverbike,$0.50,"NM-Mint, Japanese",Kamigawa: Neon Dynasty,https://www.mtgpirulo.com/products/search?q=High-Speed Hoverbike
High-Speed Hoverbike - Foil,$0.50,"NM-Mint, Japanese",Kamigawa: Neon Dynasty,https://www.mtgpirulo.com/products/search?q=High-Speed Hoverbike - Foil
Guardians of Oboro,$0.50,"NM-Mint, Japanese",Kamigawa: Neon Dynasty,https://www.mtgpirulo.com/products/search?q=Guardians of Oboro
Guardians of Oboro - Foil,$0.50,"NM-Mint, Japanese",Kamigawa: Neon Dynasty,https://www.mtgpirulo.com/products/search?q=Guardians of Oboro - Foil
Historian's Wisdom - Foil,$0.50,"NM-Mint, Japanese",Kamigawa: Neon Dynasty,https://www.mtgpirulo.com/products/search?q=Historian's Wisdom - Foil
Guardians of Oboro - Showcase,$0.50,"NM-Mint, Japanese",Kamigawa: Neon Dynasty,https://www.mtgpirulo.com/products/search?q=Guardians of Oboro - Showcase
Guardians of Oboro - Foil - Showcase,$0.50,"NM-Mint, Japanese",Kamigawa: Neon Dynasty,https://www.mtgpirulo.com/products/search?q=Guardians of Oboro - Foil - Showcase
Invoke Justice,$0.50,"NM-Mint, Japanese",Kamigawa: Neon Dynasty,https://www.mtgpirulo.com/products/search?q=Invoke Justice
Inkrise Infiltrator - Foil,$0.50,"NM-Mint, Japanese",Kamigawa: Neon Dynasty,https://www.mtgpirulo.com/products/search?q=Inkrise Infiltrator - Foil
Go-Shintai of Ancient Wars,$0.50,"NM-Mint, Japanese",Kamigawa: Neon Dynasty,https://www.mtgpirulo.com/products/search?q=Go-Shintai of Ancient Wars
Go-Shintai of Ancient Wars - Foil,$0.50,"NM-Mint, Japanese",Kamigawa: Neon Dynasty,https://www.mtgpirulo.com/products/search?q=Go-Shintai of Ancient Wars - Foil
"Heiko Yamazaki, the General",$0.50,"NM-Mint, Japanese",Kamigawa: Neon Dynasty,"https://www.mtgpirulo.com/products/search?q=Heiko Yamazaki, the General"
"Heiko Yamazaki, the General - Foil",$0.50,"NM-Mint, Japanese",Kamigawa: Neon Dynasty,"https://www.mtgpirulo.com/products/search?q=Heiko Yamazaki, the General - Foil"
"Heiko Yamazaki, the General - Showcase",$0.50,"NM-Mint, Japanese",Kamigawa: Neon Dynasty,"https://www.mtgpirulo.com/products/search?q=Heiko Yamazaki, the General - Showcase"
Inkrise Infiltrator - Foil - Showcase,$0.50,"NM-Mint, Japanese",Kamigawa: Neon Dynasty,https://www.mtgpirulo.com/products/search?q=Inkrise Infiltrator - Foil - Showcase
"Kyodai, Soul of Kamigawa",$0.50,"NM-Mint, Japanese",Kamigawa: Neon Dynasty,"https://www.mtgpirulo.com/products/search?q=Kyodai, Soul of Kamigawa"
Michiko's Reign of Truth // Portrait of Michiko,$0.50,"NM-Mint, Japanese",Kamigawa: Neon Dynasty,https://www.mtgpirulo.com/products/search?q=Michiko's Reign of Truth // Portrait of Michiko
Lethal Exploit - Foil,$0.50,"NM-Mint, Japanese",Kamigawa: Neon Dynasty,https://www.mtgpirulo.com/products/search?q=Lethal Exploit - Foil
Life of Toshiro Umezawa // Memory of Toshiro,$0.50,"NM-Mint, Japanese",Kamigawa: Neon Dynasty,https://www.mtgpirulo.com/products/search?q=Life of Toshiro Umezawa // Memory of Toshiro
Life of Toshiro Umezawa // Memory of Toshiro - Foil,$0.50,"NM-Mint, Japanese",Kamigawa: Neon Dynasty,https://www.mtgpirulo.com/products/search?q=Life of Toshiro Umezawa // Memory of Toshiro - Foil
Mukotai Soulripper,$0.50,"NM-Mint, Japanese",Kamigawa: Neon Dynasty,https://www.mtgpirulo.com/products/search?q=Mukotai Soulripper
Kappa Tech-Wrecker - Foil,$0.50,"NM-Mint, Japanese",Kamigawa: Neon Dynasty,https://www.mtgpirulo.com/products/search?q=Kappa Tech-Wrecker - Foil
Moonsnare Prototype,$0.50,"NM-Mint, Japanese",Kamigawa: Neon Dynasty,https://www.mtgpirulo.com/products/search?q=Moonsnare Prototype
March of Reckless Joy,$0.50,"NM-Mint, Japanese",Kamigawa: Neon Dynasty,https://www.mtgpirulo.com/products/search?q=March of Reckless Joy
Malicious Malfunction - Foil,$0.50,"NM-Mint, Japanese",Kamigawa: Neon Dynasty,https://www.mtgpirulo.com/products/search?q=Malicious Malfunction - Foil
Light the Way - Foil,$0.50,"NM-Mint, Japanese",Kamigawa: Neon Dynasty,https://www.mtgpirulo.com/products/search?q=Light the Way - Foil
Mobilizer Mech,$0.50,"NM-Mint, Japanese",Kamigawa: Neon Dynasty,https://www.mtgpirulo.com/products/search?q=Mobilizer Mech
Mobilizer Mech - Foil,$0.50,"NM-Mint, Japanese",Kamigawa: Neon Dynasty,https://www.mtgpirulo.com/products/search?q=Mobilizer Mech - Foil
Satoru Umezawa,$0.50,"NM-Mint, Japanese",Kamigawa: Neon Dynasty,https://www.mtgpirulo.com/products/search?q=Satoru Umezawa
Simian Sling - Foil,$0.50,"NM-Mint, Japanese",Kamigawa: Neon Dynasty,https://www.mtgpirulo.com/products/search?q=Simian Sling - Foil
Silver-Fur Master,$0.50,"NM-Mint, Japanese",Kamigawa: Neon Dynasty,https://www.mtgpirulo.com/products/search?q=Silver-Fur Master
Silver-Fur Master - Foil,$0.50,"NM-Mint, Japanese",Kamigawa: Neon Dynasty,https://www.mtgpirulo.com/products/search?q=Silver-Fur Master - Foil
Surgehacker Mech,$0.50,"NM-Mint, Japanese",Kamigawa: Neon Dynasty,https://www.mtgpirulo.com/products/search?q=Surgehacker Mech
Nezumi Prowler - Foil,$0.50,"NM-Mint, Japanese",Kamigawa: Neon Dynasty,https://www.mtgpirulo.com/products/search?q=Nezumi Prowler - Foil
Spirited Companion,$0.50,"NM-Mint, Japanese",Kamigawa: Neon Dynasty,https://www.mtgpirulo.com/products/search?q=Spirited Companion
Silver-Fur Master - Showcase,$0.50,"NM-Mint, Japanese",Kamigawa: Neon Dynasty,https://www.mtgpirulo.com/products/search?q=Silver-Fur Master - Showcase
"Naomi, Pillar of Order",$0.50,"NM-Mint, Japanese",Kamigawa: Neon Dynasty,"https://www.mtgpirulo.com/products/search?q=Naomi, Pillar of Order"
"Naomi, Pillar of Order - Foil",$0.50,"NM-Mint, Japanese",Kamigawa: Neon Dynasty,"https://www.mtgpirulo.com/products/search?q=Naomi, Pillar of Order - Foil"
Sokenzan Smelter,$0.50,"NM-Mint, Japanese",Kamigawa: Neon Dynasty,https://www.mtgpirulo.com/products/search?q=Sokenzan Smelter
Sokenzan Smelter - Foil,$0.50,"NM-Mint, Japanese",Kamigawa: Neon Dynasty,https://www.mtgpirulo.com/products/search?q=Sokenzan Smelter - Foil
Runaway Trash-Bot - Foil,$0.50,"NM-Mint, Japanese",Kamigawa: Neon Dynasty,https://www.mtgpirulo.com/products/search?q=Runaway Trash-Bot - Foil
Scrap Welder,$0.50,"NM-Mint, Japanese",Kamigawa: Neon Dynasty,https://www.mtgpirulo.com/products/search?q=Scrap Welder
Sunblade Samurai - Foil,$0.50,"NM-Mint, Japanese",Kamigawa: Neon Dynasty,https://www.mtgpirulo.com/products/search?q=Sunblade Samurai - Foil
Peerless Samurai - Foil,$0.50,"NM-Mint, Japanese",Kamigawa: Neon Dynasty,https://www.mtgpirulo.com/products/search?q=Peerless Samurai - Foil
Prodigy's Prototype,$0.50,"NM-Mint, Japanese",Kamigawa: Neon Dynasty,https://www.mtgpirulo.com/products/search?q=Prodigy's Prototype
Prodigy's Prototype - Foil,$0.50,"NM-Mint, Japanese",Kamigawa: Neon Dynasty,https://www.mtgpirulo.com/products/search?q=Prodigy's Prototype - Foil
Sunblade Samurai - Foil - Showcase,$0.50,"NM-Mint, Japanese",Kamigawa: Neon Dynasty,https://www.mtgpirulo.com/products/search?q=Sunblade Samurai - Foil - Showcase
Peerless Samurai - Foil - Showcase,$0.50,"NM-Mint, Japanese",Kamigawa: Neon Dynasty,https://www.mtgpirulo.com/products/search?q=Peerless Samurai - Foil - Showcase
Reality Heist,$0.50,"NM-Mint, Japanese",Kamigawa: Neon Dynasty,https://www.mtgpirulo.com/products/search?q=Reality Heist
Reality Heist - Foil,$0.50,"NM-Mint, Japanese",Kamigawa: Neon Dynasty,https://www.mtgpirulo.com/products/search?q=Reality Heist - Foil
Nezumi Bladeblesser - Foil,$0.50,"NM-Mint, Japanese",Kamigawa: Neon Dynasty,https://www.mtgpirulo.com/products/search?q=Nezumi Bladeblesser - Foil
"Satsuki, the Living Lore",$0.50,"NM-Mint, Japanese",Kamigawa: Neon Dynasty,"https://www.mtgpirulo.com/products/search?q=Satsuki, the Living Lore"
"Norika Yamazaki, the Poet",$0.50,"NM-Mint, Japanese",Kamigawa: Neon Dynasty,"https://www.mtgpirulo.com/products/search?q=Norika Yamazaki, the Poet"
"Norika Yamazaki, the Poet - Foil",$0.50,"NM-Mint, Japanese",Kamigawa: Neon Dynasty,"https://www.mtgpirulo.com/products/search?q=Norika Yamazaki, the Poet - Foil"
Spell Pierce,$0.50,"NM-Mint, Japanese",Kamigawa: Neon Dynasty,https://www.mtgpirulo.com/products/search?q=Spell Pierce
Okiba Reckoner Raid // Nezumi Road Captain,$0.50,"NM-Mint, Japanese",Kamigawa: Neon Dynasty,https://www.mtgpirulo.com/products/search?q=Okiba Reckoner Raid // Nezumi Road Captain
Spinning Wheel Kick,$0.50,"NM-Mint, Japanese",Kamigawa: Neon Dynasty,https://www.mtgpirulo.com/products/search?q=Spinning Wheel Kick
Spinning Wheel Kick - Foil,$0.50,"NM-Mint, Japanese",Kamigawa: Neon Dynasty,https://www.mtgpirulo.com/products/search?q=Spinning Wheel Kick - Foil
"Norika Yamazaki, the Poet - Showcase",$0.50,"NM-Mint, Japanese",Kamigawa: Neon Dynasty,"https://www.mtgpirulo.com/products/search?q=Norika Yamazaki, the Poet - Showcase"
"Norika Yamazaki, the Poet - Foil - Showcase",$0.50,"NM-Mint, Japanese",Kamigawa: Neon Dynasty,"https://www.mtgpirulo.com/products/search?q=Norika Yamazaki, the Poet - Foil - Showcase"
Nezumi Bladeblesser - Foil - Showcase,$0.50,"NM-Mint, Japanese",Kamigawa: Neon Dynasty,https://www.mtgpirulo.com/products/search?q=Nezumi Bladeblesser - Foil - Showcase
The Modern Age // Vector Glider,$0.50,"NM-Mint, Japanese",Kamigawa: Neon Dynasty,https://www.mtgpirulo.com/products/search?q=The Modern Age // Vector Glider
Tamiyo's Compleation,$0.50,"NM-Mint, Japanese",Kamigawa: Neon Dynasty,https://www.mtgpirulo.com/products/search?q=Tamiyo's Compleation
Tamiyo's Compleation - Foil,$0.50,"NM-Mint, Japanese",Kamigawa: Neon Dynasty,https://www.mtgpirulo.com/products/search?q=Tamiyo's Compleation - Foil
The Shattered States Era // Nameless Conqueror - Foil,$0.50,"NM-Mint, Japanese",Kamigawa: Neon Dynasty,https://www.mtgpirulo.com/products/search?q=The Shattered States Era // Nameless Conqueror - Foil
Unstoppable Ogre - Foil,$0.50,"NM-Mint, Japanese",Kamigawa: Neon Dynasty,https://www.mtgpirulo.com/products/search?q=Unstoppable Ogre - Foil
The Dragon-Kami Reborn // Dragon-Kami's Egg,$0.50,"NM-Mint, Japanese",Kamigawa: Neon Dynasty,https://www.mtgpirulo.com/products/search?q=The Dragon-Kami Reborn // Dragon-Kami's Egg
Teachings of the Kirin // Kirin-Touched Orochi,$0.50,"NM-Mint, Japanese",Kamigawa: Neon Dynasty,https://www.mtgpirulo.com/products/search?q=Teachings of the Kirin // Kirin-Touched Orochi
"Tatsunari, Toad Rider",$0.50,"NM-Mint, Japanese",Kamigawa: Neon Dynasty,"https://www.mtgpirulo.com/products/search?q=Tatsunari, Toad Rider"
Twinshot Sniper,$0.50,"NM-Mint, Japanese",Kamigawa: Neon Dynasty,https://www.mtgpirulo.com/products/search?q=Twinshot Sniper
Twinshot Sniper - Foil,$0.50,"NM-Mint, Japanese",Kamigawa: Neon Dynasty,https://www.mtgpirulo.com/products/search?q=Twinshot Sniper - Foil
Upriser Renegade,$0.50,"NM-Mint, Japanese",Kamigawa: Neon Dynasty,https://www.mtgpirulo.com/products/search?q=Upriser Renegade
Upriser Renegade - Foil,$0.50,"NM-Mint, Japanese",Kamigawa: Neon Dynasty,https://www.mtgpirulo.com/products/search?q=Upriser Renegade - Foil
Upriser Renegade - Showcase,$0.50,"NM-Mint, Japanese",Kamigawa: Neon Dynasty,https://www.mtgpirulo.com/products/search?q=Upriser Renegade - Showcase
Tribute to Horobi // Echo of Death's Wail,$0.50,"NM-Mint, Japanese",Kamigawa: Neon Dynasty,https://www.mtgpirulo.com/products/search?q=Tribute to Horobi // Echo of Death's Wail
Tempered in Solitude,$0.50,"NM-Mint, Japanese",Kamigawa: Neon Dynasty,https://www.mtgpirulo.com/products/search?q=Tempered in Solitude
Walking Skyscraper - Foil,$0.50,"NM-Mint, Japanese",Kamigawa: Neon Dynasty,https://www.mtgpirulo.com/products/search?q=Walking Skyscraper - Foil
The Fall of Lord Konda // Fragment of Konda,$0.50,"NM-Mint, Japanese",Kamigawa: Neon Dynasty,https://www.mtgpirulo.com/products/search?q=The Fall of Lord Konda // Fragment of Konda
The Fall of Lord Konda // Fragment of Konda - Foil,$0.50,"NM-Mint, Japanese",Kamigawa: Neon Dynasty,https://www.mtgpirulo.com/products/search?q=The Fall of Lord Konda // Fragment of Konda - Foil
Heir of the Ancient Fang - Foil,$0.50,"NM-Mint, Japanese",Kamigawa: Neon Dynasty,https://www.mtgpirulo.com/products/search?q=Heir of the Ancient Fang - Foil
Heir of the Ancient Fang - Foil - Showcase,$0.50,"NM-Mint, Japanese",Kamigawa: Neon Dynasty,https://www.mtgpirulo.com/products/search?q=Heir of the Ancient Fang - Foil - Showcase
Coiling Stalker - Foil,$0.50,"NM-Mint, Japanese",Kamigawa: Neon Dynasty,https://www.mtgpirulo.com/products/search?q=Coiling Stalker - Foil
Discover the Impossible,$0.50,"NM-Mint, Japanese",Kamigawa: Neon Dynasty,https://www.mtgpirulo.com/products/search?q=Discover the Impossible
Cloudsteel Kirin,$0.50,"NM-Mint, Japanese",Kamigawa: Neon Dynasty,https://www.mtgpirulo.com/products/search?q=Cloudsteel Kirin
Anchor to Reality,$0.50,"NM-Mint, Japanese",Kamigawa: Neon Dynasty,https://www.mtgpirulo.com/products/search?q=Anchor to Reality
Essence Capture,$0.50,"NM-Mint, Japanese",Kamigawa: Neon Dynasty,https://www.mtgpirulo.com/products/search?q=Essence Capture
Essence Capture - Foil,$0.50,"NM-Mint, Japanese",Kamigawa: Neon Dynasty,https://www.mtgpirulo.com/products/search?q=Essence Capture - Foil
Invoke the Winds,$0.50,"NM-Mint, Japanese",Kamigawa: Neon Dynasty,https://www.mtgpirulo.com/products/search?q=Invoke the Winds
Go-Shintai of Hidden Cruelty,$0.50,"NM-Mint, Japanese",Kamigawa: Neon Dynasty,https://www.mtgpirulo.com/products/search?q=Go-Shintai of Hidden Cruelty
Go-Shintai of Hidden Cruelty - Foil,$0.50,"NM-Mint, Japanese",Kamigawa: Neon Dynasty,https://www.mtgpirulo.com/products/search?q=Go-Shintai of Hidden Cruelty - Foil
Acquisition Octopus,$0.50,"NM-Mint, Japanese",Kamigawa: Neon Dynasty,https://www.mtgpirulo.com/products/search?q=Acquisition Octopus
Acquisition Octopus - Foil,$0.50,"NM-Mint, Japanese",Kamigawa: Neon Dynasty,https://www.mtgpirulo.com/products/search?q=Acquisition Octopus - Foil
Coiling Stalker - Foil - Showcase,$0.50,"NM-Mint, Japanese",Kamigawa: Neon Dynasty,https://www.mtgpirulo.com/products/search?q=Coiling Stalker - Foil - Showcase
Blade-Blizzard Kitsune,$0.50,"NM-Mint, Japanese",Kamigawa: Neon Dynasty,https://www.mtgpirulo.com/products/search?q=Blade-Blizzard Kitsune
Blade-Blizzard Kitsune - Foil,$0.50,"NM-Mint, Japanese",Kamigawa: Neon Dynasty,https://www.mtgpirulo.com/products/search?q=Blade-Blizzard Kitsune - Foil
Blade-Blizzard Kitsune - Showcase,$0.50,"NM-Mint, Japanese",Kamigawa: Neon Dynasty,https://www.mtgpirulo.com/products/search?q=Blade-Blizzard Kitsune - Showcase
Blade-Blizzard Kitsune - Foil - Showcase,$0.50,"NM-Mint, Japanese",Kamigawa: Neon Dynasty,https://www.mtgpirulo.com/products/search?q=Blade-Blizzard Kitsune - Foil - Showcase
Eiganjo Exemplar - Foil,$0.50,"NM-Mint, Japanese",Kamigawa: Neon Dynasty,https://www.mtgpirulo.com/products/search?q=Eiganjo Exemplar - Foil
Inventive Iteration // Living Breakthrough,$0.50,"NM-Mint, Japanese",Kamigawa: Neon Dynasty,https://www.mtgpirulo.com/products/search?q=Inventive Iteration // Living Breakthrough
Go-Shintai of Lost Wisdom,$0.50,"NM-Mint, Japanese",Kamigawa: Neon Dynasty,https://www.mtgpirulo.com/products/search?q=Go-Shintai of Lost Wisdom
Go-Shintai of Lost Wisdom - Foil,$0.50,"NM-Mint, Japanese",Kamigawa: Neon Dynasty,https://www.mtgpirulo.com/products/search?q=Go-Shintai of Lost Wisdom - Foil
Gravelighter,$0.50,"NM-Mint, Japanese",Kamigawa: Neon Dynasty,https://www.mtgpirulo.com/products/search?q=Gravelighter
Dragonspark Reactor,$0.50,"NM-Mint, Japanese",Kamigawa: Neon Dynasty,https://www.mtgpirulo.com/products/search?q=Dragonspark Reactor
Flame Discharge,$0.50,"NM-Mint, Japanese",Kamigawa: Neon Dynasty,https://www.mtgpirulo.com/products/search?q=Flame Discharge
Flame Discharge - Foil,$0.50,"NM-Mint, Japanese",Kamigawa: Neon Dynasty,https://www.mtgpirulo.com/products/search?q=Flame Discharge - Foil
Akki Ronin - Foil,$0.50,"NM-Mint, Japanese",Kamigawa: Neon Dynasty,https://www.mtgpirulo.com/products/search?q=Akki Ronin - Foil
Kami of Industry,$0.50,"NM-Mint, Japanese",Kamigawa: Neon Dynasty,https://www.mtgpirulo.com/products/search?q=Kami of Industry
Kami of Industry - Foil,$0.50,"NM-Mint, Japanese",Kamigawa: Neon Dynasty,https://www.mtgpirulo.com/products/search?q=Kami of Industry - Foil
"Kotose, the Silent Spider",$0.50,"NM-Mint, Japanese",Kamigawa: Neon Dynasty,"https://www.mtgpirulo.com/products/search?q=Kotose, the Silent Spider"
Seven-Tail Mentor - Foil,$0.50,"NM-Mint, Japanese",Kamigawa: Neon Dynasty,https://www.mtgpirulo.com/products/search?q=Seven-Tail Mentor - Foil
Seven-Tail Mentor - Foil - Showcase,$0.50,"NM-Mint, Japanese",Kamigawa: Neon Dynasty,https://www.mtgpirulo.com/products/search?q=Seven-Tail Mentor - Foil - Showcase
Selfless Samurai,$0.50,"NM-Mint, Japanese",Kamigawa: Neon Dynasty,https://www.mtgpirulo.com/products/search?q=Selfless Samurai
Selfless Samurai - Foil,$0.50,"NM-Mint, Japanese",Kamigawa: Neon Dynasty,https://www.mtgpirulo.com/products/search?q=Selfless Samurai - Foil
Sky-Blessed Samurai,$0.50,"NM-Mint, Japanese",Kamigawa: Neon Dynasty,https://www.mtgpirulo.com/products/search?q=Sky-Blessed Samurai
Sky-Blessed Samurai - Foil,$0.50,"NM-Mint, Japanese",Kamigawa: Neon Dynasty,https://www.mtgpirulo.com/products/search?q=Sky-Blessed Samurai - Foil
Network Disruptor,$0.50,"NM-Mint, Japanese",Kamigawa: Neon Dynasty,https://www.mtgpirulo.com/products/search?q=Network Disruptor
Network Disruptor - Foil,$0.50,"NM-Mint, Japanese",Kamigawa: Neon Dynasty,https://www.mtgpirulo.com/products/search?q=Network Disruptor - Foil
Prosperous Thief,$0.50,"NM-Mint, Japanese",Kamigawa: Neon Dynasty,https://www.mtgpirulo.com/products/search?q=Prosperous Thief
Prosperous Thief - Foil,$0.50,"NM-Mint, Japanese",Kamigawa: Neon Dynasty,https://www.mtgpirulo.com/products/search?q=Prosperous Thief - Foil
Saiba Trespassers,$0.50,"NM-Mint, Japanese",Kamigawa: Neon Dynasty,https://www.mtgpirulo.com/products/search?q=Saiba Trespassers
Saiba Trespassers - Foil,$0.50,"NM-Mint, Japanese",Kamigawa: Neon Dynasty,https://www.mtgpirulo.com/products/search?q=Saiba Trespassers - Foil
Thirst for Knowledge,$0.50,"NM-Mint, Japanese",Kamigawa: Neon Dynasty,https://www.mtgpirulo.com/products/search?q=Thirst for Knowledge
Thirst for Knowledge - Foil,$0.50,"NM-Mint, Japanese",Kamigawa: Neon Dynasty,https://www.mtgpirulo.com/products/search?q=Thirst for Knowledge - Foil
Soul Transfer,$0.50,"NM-Mint, Japanese",Kamigawa: Neon Dynasty,https://www.mtgpirulo.com/products/search?q=Soul Transfer
You Are Already Dead,$0.50,"NM-Mint, Japanese",Kamigawa: Neon Dynasty,https://www.mtgpirulo.com/products/search?q=You Are Already Dead
Reito Sentinel,$0.50,"NM-Mint, Japanese",Kamigawa: Neon Dynasty,https://www.mtgpirulo.com/products/search?q=Reito Sentinel
Reito Sentinel - Foil,$0.50,"NM-Mint, Japanese",Kamigawa: Neon Dynasty,https://www.mtgpirulo.com/products/search?q=Reito Sentinel - Foil
Selfless Samurai - Showcase,$0.50,"NM-Mint, Japanese",Kamigawa: Neon Dynasty,https://www.mtgpirulo.com/products/search?q=Selfless Samurai - Showcase
Sky-Blessed Samurai - Showcase,$0.50,"NM-Mint, Japanese",Kamigawa: Neon Dynasty,https://www.mtgpirulo.com/products/search?q=Sky-Blessed Samurai - Showcase
Sky-Blessed Samurai - Foil - Showcase,$0.50,"NM-Mint, Japanese",Kamigawa: Neon Dynasty,https://www.mtgpirulo.com/products/search?q=Sky-Blessed Samurai - Foil - Showcase
Prosperous Thief - Showcase,$0.50,"NM-Mint, Japanese",Kamigawa: Neon Dynasty,https://www.mtgpirulo.com/products/search?q=Prosperous Thief - Showcase
When We Were Young,$0.50,"NM-Mint, Japanese",Kamigawa: Neon Dynasty,https://www.mtgpirulo.com/products/search?q=When We Were Young
When We Were Young - Foil,$0.50,"NM-Mint, Japanese",Kamigawa: Neon Dynasty,https://www.mtgpirulo.com/products/search?q=When We Were Young - Foil
Replication Specialist,$0.50,"NM-Mint, Japanese",Kamigawa: Neon Dynasty,https://www.mtgpirulo.com/products/search?q=Replication Specialist
Replication Specialist - Foil,$0.50,"NM-Mint, Japanese",Kamigawa: Neon Dynasty,https://www.mtgpirulo.com/products/search?q=Replication Specialist - Foil
Mech Hangar,$0.50,"NM-Mint, Japanese",Kamigawa: Neon Dynasty,https://www.mtgpirulo.com/products/search?q=Mech Hangar
Mech Hangar - Foil,$0.50,"NM-Mint, Japanese",Kamigawa: Neon Dynasty,https://www.mtgpirulo.com/products/search?q=Mech Hangar - Foil
Touch the Spirit Realm,$0.50,"NM-Mint, Japanese",Kamigawa: Neon Dynasty,https://www.mtgpirulo.com/products/search?q=Touch the Spirit Realm
Mindlink Mech,$0.50,"NM-Mint, Japanese",Kamigawa: Neon Dynasty,https://www.mtgpirulo.com/products/search?q=Mindlink Mech
Mukotai Soulripper - Showcase,$0.50,"NM-Mint, Japanese",Kamigawa: Neon Dynasty,https://www.mtgpirulo.com/products/search?q=Mukotai Soulripper - Showcase
Unforgiving One - Foil,$0.50,"NM-Mint, Japanese",Kamigawa: Neon Dynasty,https://www.mtgpirulo.com/products/search?q=Unforgiving One - Foil
Spring-Leaf Avenger,$0.50,"NM-Mint, Japanese",Kamigawa: Neon Dynasty,https://www.mtgpirulo.com/products/search?q=Spring-Leaf Avenger
"Risona, Asari Commander",$0.50,"NM-Mint, Japanese",Kamigawa: Neon Dynasty,"https://www.mtgpirulo.com/products/search?q=Risona, Asari Commander"
Towashi Guide-Bot - Foil,$0.50,"NM-Mint, Japanese",Kamigawa: Neon Dynasty,https://www.mtgpirulo.com/products/search?q=Towashi Guide-Bot - Foil
Roadside Reliquary,$0.50,"NM-Mint, Japanese",Kamigawa: Neon Dynasty,https://www.mtgpirulo.com/products/search?q=Roadside Reliquary
Dragonfly Suit - Foil,$0.50,"NM-Mint, Japanese",Kamigawa: Neon Dynasty,https://www.mtgpirulo.com/products/search?q=Dragonfly Suit - Foil
Golden-Tail Disciple - Foil,$0.50,"NM-Mint, Japanese",Kamigawa: Neon Dynasty,https://www.mtgpirulo.com/products/search?q=Golden-Tail Disciple - Foil
Imperial Oath - Foil,$0.50,"NM-Mint, Japanese",Kamigawa: Neon Dynasty,https://www.mtgpirulo.com/products/search?q=Imperial Oath - Foil
Imperial Recovery Unit,$0.50,"NM-Mint, Japanese",Kamigawa: Neon Dynasty,https://www.mtgpirulo.com/products/search?q=Imperial Recovery Unit
Disruption Protocol,$0.50,"NM-Mint, Japanese",Kamigawa: Neon Dynasty,https://www.mtgpirulo.com/products/search?q=Disruption Protocol
Disruption Protocol - Foil,$0.50,"NM-Mint, Japanese",Kamigawa: Neon Dynasty,https://www.mtgpirulo.com/products/search?q=Disruption Protocol - Foil
Futurist Sentinel,$0.50,"NM-Mint, Japanese",Kamigawa: Neon Dynasty,https://www.mtgpirulo.com/products/search?q=Futurist Sentinel
Futurist Sentinel - Foil,$0.50,"NM-Mint, Japanese",Kamigawa: Neon Dynasty,https://www.mtgpirulo.com/products/search?q=Futurist Sentinel - Foil
Chainflail Centipede - Foil,$0.50,"NM-Mint, Japanese",Kamigawa: Neon Dynasty,https://www.mtgpirulo.com/products/search?q=Chainflail Centipede - Foil
Clawing Torment - Foil,$0.50,"NM-Mint, Japanese",Kamigawa: Neon Dynasty,https://www.mtgpirulo.com/products/search?q=Clawing Torment - Foil
Ambitious Assault - Foil,$0.50,"NM-Mint, Japanese",Kamigawa: Neon Dynasty,https://www.mtgpirulo.com/products/search?q=Ambitious Assault - Foil
Crackling Emergence - Foil,$0.50,"NM-Mint, Japanese",Kamigawa: Neon Dynasty,https://www.mtgpirulo.com/products/search?q=Crackling Emergence - Foil
Explosive Entry - Foil,$0.50,"NM-Mint, Japanese",Kamigawa: Neon Dynasty,https://www.mtgpirulo.com/products/search?q=Explosive Entry - Foil
Gift of Wrath - Foil,$0.50,"NM-Mint, Japanese",Kamigawa: Neon Dynasty,https://www.mtgpirulo.com/products/search?q=Gift of Wrath - Foil
Bearer of Memory - Foil,$0.50,"NM-Mint, Japanese",Kamigawa: Neon Dynasty,https://www.mtgpirulo.com/products/search?q=Bearer of Memory - Foil
Blossom Prancer - Foil,$0.50,"NM-Mint, Japanese",Kamigawa: Neon Dynasty,https://www.mtgpirulo.com/products/search?q=Blossom Prancer - Foil
Boon of Boseiju - Foil,$0.50,"NM-Mint, Japanese",Kamigawa: Neon Dynasty,https://www.mtgpirulo.com/products/search?q=Boon of Boseiju - Foil
Careful Cultivation,$0.50,"NM-Mint, Japanese",Kamigawa: Neon Dynasty,https://www.mtgpirulo.com/products/search?q=Careful Cultivation
Careful Cultivation - Foil,$0.50,"NM-Mint, Japanese",Kamigawa: Neon Dynasty,https://www.mtgpirulo.com/products/search?q=Careful Cultivation - Foil
Fade into Antiquity - Foil,$0.50,"NM-Mint, Japanese",Kamigawa: Neon Dynasty,https://www.mtgpirulo.com/products/search?q=Fade into Antiquity - Foil
Favor of Jukai - Foil,$0.50,"NM-Mint, Japanese",Kamigawa: Neon Dynasty,https://www.mtgpirulo.com/products/search?q=Favor of Jukai - Foil
Go-Shintai of Boundless Vigor - Foil,$0.50,"NM-Mint, Japanese",Kamigawa: Neon Dynasty,https://www.mtgpirulo.com/products/search?q=Go-Shintai of Boundless Vigor - Foil
Grafted Growth - Foil,$0.50,"NM-Mint, Japanese",Kamigawa: Neon Dynasty,https://www.mtgpirulo.com/products/search?q=Grafted Growth - Foil
Harmonious Emergence - Foil,$0.50,"NM-Mint, Japanese",Kamigawa: Neon Dynasty,https://www.mtgpirulo.com/products/search?q=Harmonious Emergence - Foil
Colossal Skyturtle,$0.50,"NM-Mint, Japanese",Kamigawa: Neon Dynasty,https://www.mtgpirulo.com/products/search?q=Colossal Skyturtle
Automated Artificer - Foil,$0.50,"NM-Mint, Japanese",Kamigawa: Neon Dynasty,https://www.mtgpirulo.com/products/search?q=Automated Artificer - Foil
Bronze Cudgels - Foil,$0.50,"NM-Mint, Japanese",Kamigawa: Neon Dynasty,https://www.mtgpirulo.com/products/search?q=Bronze Cudgels - Foil
Brute Suit - Foil,$0.50,"NM-Mint, Japanese",Kamigawa: Neon Dynasty,https://www.mtgpirulo.com/products/search?q=Brute Suit - Foil
Dramatist's Puppet - Foil,$0.50,"NM-Mint, Japanese",Kamigawa: Neon Dynasty,https://www.mtgpirulo.com/products/search?q=Dramatist's Puppet - Foil
Ecologist's Terrarium - Foil,$0.50,"NM-Mint, Japanese",Kamigawa: Neon Dynasty,https://www.mtgpirulo.com/products/search?q=Ecologist's Terrarium - Foil
Bloodfell Caves - Foil,$0.50,"NM-Mint, Japanese",Kamigawa: Neon Dynasty,https://www.mtgpirulo.com/products/search?q=Bloodfell Caves - Foil
Blossoming Sands - Foil,$0.50,"NM-Mint, Japanese",Kamigawa: Neon Dynasty,https://www.mtgpirulo.com/products/search?q=Blossoming Sands - Foil
Dismal Backwater - Foil,$0.50,"NM-Mint, Japanese",Kamigawa: Neon Dynasty,https://www.mtgpirulo.com/products/search?q=Dismal Backwater - Foil
Eiganjo Exemplar - Foil - Showcase,$0.50,"NM-Mint, Japanese",Kamigawa: Neon Dynasty,https://www.mtgpirulo.com/products/search?q=Eiganjo Exemplar - Foil - Showcase
Akki Ronin - Foil - Showcase,$0.50,"NM-Mint, Japanese",Kamigawa: Neon Dynasty,https://www.mtgpirulo.com/products/search?q=Akki Ronin - Foil - Showcase
Imperial Recovery Unit - Foil,$0.50,"NM-Mint, Japanese",Kamigawa: Neon Dynasty,https://www.mtgpirulo.com/products/search?q=Imperial Recovery Unit - Foil
Intercessor's Arrest - Foil,$0.50,"NM-Mint, Japanese",Kamigawa: Neon Dynasty,https://www.mtgpirulo.com/products/search?q=Intercessor's Arrest - Foil
Kitsune Ace - Foil,$0.50,"NM-Mint, Japanese",Kamigawa: Neon Dynasty,https://www.mtgpirulo.com/products/search?q=Kitsune Ace - Foil
Lucky Offering - Foil,$0.50,"NM-Mint, Japanese",Kamigawa: Neon Dynasty,https://www.mtgpirulo.com/products/search?q=Lucky Offering - Foil
Mothrider Patrol - Foil,$0.50,"NM-Mint, Japanese",Kamigawa: Neon Dynasty,https://www.mtgpirulo.com/products/search?q=Mothrider Patrol - Foil
Mnemonic Sphere,$0.50,"NM-Mint, Japanese",Kamigawa: Neon Dynasty,https://www.mtgpirulo.com/products/search?q=Mnemonic Sphere
Mnemonic Sphere - Foil,$0.50,"NM-Mint, Japanese",Kamigawa: Neon Dynasty,https://www.mtgpirulo.com/products/search?q=Mnemonic Sphere - Foil
Moonfolk Puzzlemaker,$0.50,"NM-Mint, Japanese",Kamigawa: Neon Dynasty,https://www.mtgpirulo.com/products/search?q=Moonfolk Puzzlemaker
Moonfolk Puzzlemaker - Foil,$0.50,"NM-Mint, Japanese",Kamigawa: Neon Dynasty,https://www.mtgpirulo.com/products/search?q=Moonfolk Puzzlemaker - Foil
Moonsnare Specialist,$0.50,"NM-Mint, Japanese",Kamigawa: Neon Dynasty,https://www.mtgpirulo.com/products/search?q=Moonsnare Specialist
Moonsnare Specialist - Foil,$0.50,"NM-Mint, Japanese",Kamigawa: Neon Dynasty,https://www.mtgpirulo.com/products/search?q=Moonsnare Specialist - Foil
Kaito's Pursuit - Foil,$0.50,"NM-Mint, Japanese",Kamigawa: Neon Dynasty,https://www.mtgpirulo.com/products/search?q=Kaito's Pursuit - Foil
Kami of Restless Shadows - Foil,$0.50,"NM-Mint, Japanese",Kamigawa: Neon Dynasty,https://www.mtgpirulo.com/products/search?q=Kami of Restless Shadows - Foil
Kami of Terrible Secrets - Foil,$0.50,"NM-Mint, Japanese",Kamigawa: Neon Dynasty,https://www.mtgpirulo.com/products/search?q=Kami of Terrible Secrets - Foil
Okiba Salvage - Foil,$0.50,"NM-Mint, Japanese",Kamigawa: Neon Dynasty,https://www.mtgpirulo.com/products/search?q=Okiba Salvage - Foil
Ironhoof Boar - Foil,$0.50,"NM-Mint, Japanese",Kamigawa: Neon Dynasty,https://www.mtgpirulo.com/products/search?q=Ironhoof Boar - Foil
Kami's Flare,$0.50,"NM-Mint, Japanese",Kamigawa: Neon Dynasty,https://www.mtgpirulo.com/products/search?q=Kami's Flare
Kami's Flare - Foil,$0.50,"NM-Mint, Japanese",Kamigawa: Neon Dynasty,https://www.mtgpirulo.com/products/search?q=Kami's Flare - Foil
Kindled Fury - Foil,$0.50,"NM-Mint, Japanese",Kamigawa: Neon Dynasty,https://www.mtgpirulo.com/products/search?q=Kindled Fury - Foil
Invoke the Ancients,$0.50,"NM-Mint, Japanese",Kamigawa: Neon Dynasty,https://www.mtgpirulo.com/products/search?q=Invoke the Ancients
Jukai Preserver - Foil,$0.50,"NM-Mint, Japanese",Kamigawa: Neon Dynasty,https://www.mtgpirulo.com/products/search?q=Jukai Preserver - Foil
Master's Rebuke - Foil,$0.50,"NM-Mint, Japanese",Kamigawa: Neon Dynasty,https://www.mtgpirulo.com/products/search?q=Master's Rebuke - Foil
Invigorating Hot Spring,$0.50,"NM-Mint, Japanese",Kamigawa: Neon Dynasty,https://www.mtgpirulo.com/products/search?q=Invigorating Hot Spring
Ninja's Kunai - Foil,$0.50,"NM-Mint, Japanese",Kamigawa: Neon Dynasty,https://www.mtgpirulo.com/products/search?q=Ninja's Kunai - Foil
Jungle Hollow - Foil,$0.50,"NM-Mint, Japanese",Kamigawa: Neon Dynasty,https://www.mtgpirulo.com/products/search?q=Jungle Hollow - Foil
Jukai Trainee - Foil - Showcase,$0.50,"NM-Mint, Japanese",Kamigawa: Neon Dynasty,https://www.mtgpirulo.com/products/search?q=Jukai Trainee - Foil - Showcase
Moonsnare Specialist - Showcase,$0.50,"NM-Mint, Japanese",Kamigawa: Neon Dynasty,https://www.mtgpirulo.com/products/search?q=Moonsnare Specialist - Showcase
Moonsnare Specialist - Foil - Showcase,$0.50,"NM-Mint, Japanese",Kamigawa: Neon Dynasty,https://www.mtgpirulo.com/products/search?q=Moonsnare Specialist - Foil - Showcase
Regent's Authority - Foil,$0.50,"NM-Mint, Japanese",Kamigawa: Neon Dynasty,https://www.mtgpirulo.com/products/search?q=Regent's Authority - Foil
Repel the Vile - Foil,$0.50,"NM-Mint, Japanese",Kamigawa: Neon Dynasty,https://www.mtgpirulo.com/products/search?q=Repel the Vile - Foil
Wanderer's Intervention - Foil,$0.50,"NM-Mint, Japanese",Kamigawa: Neon Dynasty,https://www.mtgpirulo.com/products/search?q=Wanderer's Intervention - Foil
Planar Incision,$0.50,"NM-Mint, Japanese",Kamigawa: Neon Dynasty,https://www.mtgpirulo.com/products/search?q=Planar Incision
Planar Incision - Foil,$0.50,"NM-Mint, Japanese",Kamigawa: Neon Dynasty,https://www.mtgpirulo.com/products/search?q=Planar Incision - Foil
Short Circuit - Foil,$0.50,"NM-Mint, Japanese",Kamigawa: Neon Dynasty,https://www.mtgpirulo.com/products/search?q=Short Circuit - Foil
Skyswimmer Koi,$0.50,"NM-Mint, Japanese",Kamigawa: Neon Dynasty,https://www.mtgpirulo.com/products/search?q=Skyswimmer Koi
Skyswimmer Koi - Foil,$0.50,"NM-Mint, Japanese",Kamigawa: Neon Dynasty,https://www.mtgpirulo.com/products/search?q=Skyswimmer Koi - Foil
Suit Up,$0.50,"NM-Mint, Japanese",Kamigawa: Neon Dynasty,https://www.mtgpirulo.com/products/search?q=Suit Up
Suit Up - Foil,$0.50,"NM-Mint, Japanese",Kamigawa: Neon Dynasty,https://www.mtgpirulo.com/products/search?q=Suit Up - Foil
Reckoner Shakedown - Foil,$0.50,"NM-Mint, Japanese",Kamigawa: Neon Dynasty,https://www.mtgpirulo.com/products/search?q=Reckoner Shakedown - Foil
Return to Action - Foil,$0.50,"NM-Mint, Japanese",Kamigawa: Neon Dynasty,https://www.mtgpirulo.com/products/search?q=Return to Action - Foil
Twisted Embrace - Foil,$0.50,"NM-Mint, Japanese",Kamigawa: Neon Dynasty,https://www.mtgpirulo.com/products/search?q=Twisted Embrace - Foil
Undercity Scrounger - Foil,$0.50,"NM-Mint, Japanese",Kamigawa: Neon Dynasty,https://www.mtgpirulo.com/products/search?q=Undercity Scrounger - Foil
Virus Beetle - Foil,$0.50,"NM-Mint, Japanese",Kamigawa: Neon Dynasty,https://www.mtgpirulo.com/products/search?q=Virus Beetle - Foil
Reinforced Ronin,$0.50,"NM-Mint, Japanese",Kamigawa: Neon Dynasty,https://www.mtgpirulo.com/products/search?q=Reinforced Ronin
Scrapyard Steelbreaker,$0.50,"NM-Mint, Japanese",Kamigawa: Neon Dynasty,https://www.mtgpirulo.com/products/search?q=Scrapyard Steelbreaker
Scrapyard Steelbreaker - Foil,$0.50,"NM-Mint, Japanese",Kamigawa: Neon Dynasty,https://www.mtgpirulo.com/products/search?q=Scrapyard Steelbreaker - Foil
Seismic Wave,$0.50,"NM-Mint, Japanese",Kamigawa: Neon Dynasty,https://www.mtgpirulo.com/products/search?q=Seismic Wave
Seismic Wave - Foil,$0.50,"NM-Mint, Japanese",Kamigawa: Neon Dynasty,https://www.mtgpirulo.com/products/search?q=Seismic Wave - Foil
Towashi Songshaper - Foil,$0.50,"NM-Mint, Japanese",Kamigawa: Neon Dynasty,https://www.mtgpirulo.com/products/search?q=Towashi Songshaper - Foil
Orochi Merge-Keeper - Foil,$0.50,"NM-Mint, Japanese",Kamigawa: Neon Dynasty,https://www.mtgpirulo.com/products/search?q=Orochi Merge-Keeper - Foil
Season of Renewal,$0.50,"NM-Mint, Japanese",Kamigawa: Neon Dynasty,https://www.mtgpirulo.com/products/search?q=Season of Renewal
Season of Renewal - Foil,$0.50,"NM-Mint, Japanese",Kamigawa: Neon Dynasty,https://www.mtgpirulo.com/products/search?q=Season of Renewal - Foil
"Shigeki, Jukai Visionary",$0.50,"NM-Mint, Japanese",Kamigawa: Neon Dynasty,"https://www.mtgpirulo.com/products/search?q=Shigeki, Jukai Visionary"
Tales of Master Seshiro // Seshiro's Living Legacy - Foil,$0.50,"NM-Mint, Japanese",Kamigawa: Neon Dynasty,https://www.mtgpirulo.com/products/search?q=Tales of Master Seshiro // Seshiro's Living Legacy - Foil
Webspinner Cuff - Foil,$0.50,"NM-Mint, Japanese",Kamigawa: Neon Dynasty,https://www.mtgpirulo.com/products/search?q=Webspinner Cuff - Foil
Papercraft Decoy - Foil,$0.50,"NM-Mint, Japanese",Kamigawa: Neon Dynasty,https://www.mtgpirulo.com/products/search?q=Papercraft Decoy - Foil
Searchlight Companion - Foil,$0.50,"NM-Mint, Japanese",Kamigawa: Neon Dynasty,https://www.mtgpirulo.com/products/search?q=Searchlight Companion - Foil
Shrine Steward - Foil,$0.50,"NM-Mint, Japanese",Kamigawa: Neon Dynasty,https://www.mtgpirulo.com/products/search?q=Shrine Steward - Foil
Thundersteel Colossus,$0.50,"NM-Mint, Japanese",Kamigawa: Neon Dynasty,https://www.mtgpirulo.com/products/search?q=Thundersteel Colossus
Thundersteel Colossus - Foil,$0.50,"NM-Mint, Japanese",Kamigawa: Neon Dynasty,https://www.mtgpirulo.com/products/search?q=Thundersteel Colossus - Foil
Rugged Highlands - Foil,$0.50,"NM-Mint, Japanese",Kamigawa: Neon Dynasty,https://www.mtgpirulo.com/products/search?q=Rugged Highlands - Foil
Scoured Barrens - Foil,$0.50,"NM-Mint, Japanese",Kamigawa: Neon Dynasty,https://www.mtgpirulo.com/products/search?q=Scoured Barrens - Foil
Swiftwater Cliffs - Foil,$0.50,"NM-Mint, Japanese",Kamigawa: Neon Dynasty,https://www.mtgpirulo.com/products/search?q=Swiftwater Cliffs - Foil
Thornwood Falls - Foil,$0.50,"NM-Mint, Japanese",Kamigawa: Neon Dynasty,https://www.mtgpirulo.com/products/search?q=Thornwood Falls - Foil
Tranquil Cove - Foil,$0.50,"NM-Mint, Japanese",Kamigawa: Neon Dynasty,https://www.mtgpirulo.com/products/search?q=Tranquil Cove - Foil
Uncharted Haven - Foil,$0.50,"NM-Mint, Japanese",Kamigawa: Neon Dynasty,https://www.mtgpirulo.com/products/search?q=Uncharted Haven - Foil
Reinforced Ronin - Showcase,$0.50,"NM-Mint, Japanese",Kamigawa: Neon Dynasty,https://www.mtgpirulo.com/products/search?q=Reinforced Ronin - Showcase
Myojin of Blooming Dawn,$0.50,"NM-Mint, Japanese",Commander: Kamigawa: Neon Dynasty,https://www.mtgpirulo.com/products/search?q=Myojin of Blooming Dawn
Myojin of Cryptic Dreams,$0.50,"NM-Mint, Japanese",Commander: Kamigawa: Neon Dynasty,https://www.mtgpirulo.com/products/search?q=Myojin of Cryptic Dreams
Myojin of Grim Betrayal,$0.50,"NM-Mint, Japanese",Commander: Kamigawa: Neon Dynasty,https://www.mtgpirulo.com/products/search?q=Myojin of Grim Betrayal
Myojin of Roaring Blades,$0.50,"NM-Mint, Japanese",Commander: Kamigawa: Neon Dynasty,https://www.mtgpirulo.com/products/search?q=Myojin of Roaring Blades
Myojin of Towering Might,$0.50,"NM-Mint, Japanese",Commander: Kamigawa: Neon Dynasty,https://www.mtgpirulo.com/products/search?q=Myojin of Towering Might
Invoke Calamity,$0.49,"NM-Mint, Japanese",Kamigawa: Neon Dynasty,https://www.mtgpirulo.com/products/search?q=Invoke Calamity
Mechtitan Core,$0.49,"NM-Mint, Japanese",Kamigawa: Neon Dynasty,https://www.mtgpirulo.com/products/search?q=Mechtitan Core
"Raiyuu, Storm's Edge",$0.49,"NM-Mint, Japanese",Kamigawa: Neon Dynasty,"https://www.mtgpirulo.com/products/search?q=Raiyuu, Storm's Edge"
March of Burgeoning Life,$0.49,"NM-Mint, Japanese",Kamigawa: Neon Dynasty,https://www.mtgpirulo.com/products/search?q=March of Burgeoning Life
Eater of Virtue,$0.49,"NM-Mint, Japanese",Kamigawa: Neon Dynasty,https://www.mtgpirulo.com/products/search?q=Eater of Virtue
Ogre-Head Helm,$0.49,"NM-Mint, Japanese",Kamigawa: Neon Dynasty,https://www.mtgpirulo.com/products/search?q=Ogre-Head Helm
